NOMBRE_IES,TIPO_IES,TIPO_FINANCIAMIENTO,NOMBRE_CARRERA,CAMPO_AMPLIO,NIVEL_FORMACIÓN,MODALIDAD,PROVINCIA,CANTÓN,ESTADO
ESCUELA POLITECNICA NACIONAL,UNIVERSIDAD,PÚBLICA,ELECTRICIDAD,"INGENIERIA, INDUSTRIA Y CONSTRUCCION",EDUCACIÓN SUPERIOR DE POSGRADO O CUARTO NIVEL,EN LÍNEA,PICHINCHA,QUITO,VIGENTE
ESCUELA POLITECNICA NACIONAL,UNIVERSIDAD,PÚBLICA,CIBERSEGURIDAD,TECNOLOGIAS DE LA INFORMACION Y LA COMUNICACION (TIC),EDUCACIÓN SUPERIOR DE POSGRADO O CUARTO NIVEL,EN LÍNEA,PICHINCHA,QUITO,VIGENTE
UNIVERSIDAD CENTRAL DEL ECUADOR,UNIVERSIDAD,PÚBLICA,TRABAJO SOCIAL FORENSE,"CIENCIAS SOCIALES, PERIODISMO, INFORMACION Y DERECHO",EDUCACIÓN SUPERIOR DE POSGRADO O CUARTO NIVEL,EN LÍNEA,PICHINCHA,QUITO,VIGENTE
UNIVERSIDAD ANDINA SIMON BOLIVAR,UNIVERSIDAD,PÚBLICA,CONTRATACION PUBLICA,"CIENCIAS SOCIALES, PERIODISMO, INFORMACION Y DERECHO",EDUCACIÓN SUPERIOR DE POSGRADO O CUARTO NIVEL,EN LÍNEA,PICHINCHA,QUITO,VIGENTE
UNIVERSIDAD ANDINA SIMON BOLIVAR,UNIVERSIDAD,PÚBLICA,DERECHO ADMINISTRATIVO,"CIENCIAS SOCIALES, PERIODISMO, INFORMACION Y DERECHO",EDUCACIÓN SUPERIOR DE POSGRADO O CUARTO NIVEL,EN LÍNEA,PICHINCHA,QUITO,VIGENTE
UNIVERSIDAD ANDINA SIMON BOLIVAR,UNIVERSIDAD,PÚBLICA,DERECHOS HUMANOS,"CIENCIAS SOCIALES, PERIODISMO, INFORMACION Y DERECHO",EDUCACIÓN SUPERIOR DE POSGRADO O CUARTO NIVEL,EN LÍNEA,PICHINCHA,QUITO,VIGENTE
UNIVERSIDAD ANDINA SIMON BOLIVAR,UNIVERSIDAD,PÚBLICA,MARKETING DIGITAL Y COMERCIO ELECTRÓNICO,ADMINISTRACIÓN DE EMPRESAS Y DERECHO,EDUCACIÓN SUPERIOR DE POSGRADO O CUARTO NIVEL,EN LÍNEA,PICHINCHA,QUITO,VIGENTE
UNIVERSIDAD ANDINA SIMON BOLIVAR,UNIVERSIDAD,PÚBLICA,DERECHOS HUMANOS Y JUSTICIA JUVENIL RESTAURATIVA,ADMINISTRACIÓN DE EMPRESAS Y DERECHO,EDUCACIÓN SUPERIOR DE POSGRADO O CUARTO NIVEL,EN LÍNEA,PICHINCHA,QUITO,VIGENTE
UNIVERSIDAD ANDINA SIMON BOLIVAR,UNIVERSIDAD,PÚBLICA,INVESTIGACION EN EDUCACION,EDUCACION,EDUCACIÓN SUPERIOR DE POSGRADO O CUARTO NIVEL,EN LÍNEA,PICHINCHA,QUITO,VIGENTE
UNIVERSIDAD ANDINA SIMON BOLIVAR,UNIVERSIDAD,PÚBLICA,"CAMBIO CLIMATICO, SUSTENTABILIDAD Y DESARROLLO","CIENCIAS SOCIALES, PERIODISMO, INFORMACION Y DERECHO",EDUCACIÓN SUPERIOR DE POSGRADO O CUARTO NIVEL,EN LÍNEA,PICHINCHA,QUITO,VIGENTE
UNIVERSIDAD ANDINA SIMON BOLIVAR,UNIVERSIDAD,PÚBLICA,COMUNICACION TRANSMEDIA,"CIENCIAS SOCIALES, PERIODISMO, INFORMACION Y DERECHO",EDUCACIÓN SUPERIOR DE POSGRADO O CUARTO NIVEL,EN LÍNEA,PICHINCHA,QUITO,VIGENTE
UNIVERSIDAD ANDINA SIMON BOLIVAR,UNIVERSIDAD,PÚBLICA,ARCHIVISTICA Y SISTEMAS DE GESTION DOCUMENTAL,"CIENCIAS SOCIALES, PERIODISMO, INFORMACION Y DERECHO",EDUCACIÓN SUPERIOR DE POSGRADO O CUARTO NIVEL,EN LÍNEA,PICHINCHA,QUITO,VIGENTE
UNIVERSIDAD ANDINA SIMON BOLIVAR,UNIVERSIDAD,PÚBLICA,DERECHO FINANCIERO BURSATIL Y DE SEGUROS,"CIENCIAS SOCIALES, PERIODISMO, INFORMACION Y DERECHO",EDUCACIÓN SUPERIOR DE POSGRADO O CUARTO NIVEL,EN LÍNEA,PICHINCHA,QUITO,VIGENTE
UNIVERSIDAD ANDINA SIMON BOLIVAR,UNIVERSIDAD,PÚBLICA,INNOVACION EN EDUCACION,EDUCACION,EDUCACIÓN SUPERIOR DE POSGRADO O CUARTO NIVEL,EN LÍNEA,PICHINCHA,QUITO,VIGENTE
UNIVERSIDAD ANDINA SIMON BOLIVAR,UNIVERSIDAD,PÚBLICA,EDUCACION Y TECNOLOGIAS DE LA INFORMACION Y COMUNICACION,EDUCACION,EDUCACIÓN SUPERIOR DE POSGRADO O CUARTO NIVEL,EN LÍNEA,PICHINCHA,QUITO,VIGENTE
UNIVERSIDAD ANDINA SIMON BOLIVAR,UNIVERSIDAD,PÚBLICA,GUIONES AUDIOVISUALES,ARTES Y HUMANIDADES,EDUCACIÓN SUPERIOR DE POSGRADO O CUARTO NIVEL,EN LÍNEA,PICHINCHA,QUITO,VIGENTE
UNIVERSIDAD ANDINA SIMON BOLIVAR,UNIVERSIDAD,PÚBLICA,DERECHO DE LA ECONOMIA DIGITAL,"CIENCIAS SOCIALES, PERIODISMO, INFORMACION Y DERECHO",EDUCACIÓN SUPERIOR DE POSGRADO O CUARTO NIVEL,EN LÍNEA,PICHINCHA,QUITO,VIGENTE
UNIVERSIDAD ANDINA SIMON BOLIVAR,UNIVERSIDAD,PÚBLICA,ESTRATEGIA Y TRASFORMACION DIGITAL,ADMINISTRACION,EDUCACIÓN SUPERIOR DE POSGRADO O CUARTO NIVEL,EN LÍNEA,PICHINCHA,QUITO,VIGENTE
UNIVERSIDAD ANDINA SIMON BOLIVAR,UNIVERSIDAD,PÚBLICA,DIRECCION DE MARKETING,ADMINISTRACIÓN DE EMPRESAS Y DERECHO,EDUCACIÓN SUPERIOR DE POSGRADO O CUARTO NIVEL,EN LÍNEA,PICHINCHA,QUITO,VIGENTE
UNIVERSIDAD ANDINA SIMON BOLIVAR,UNIVERSIDAD,PÚBLICA,"ARBITRAJE, NEGOCIACION Y DISPUTE BOARD",ADMINISTRACIÓN DE EMPRESAS Y DERECHO,EDUCACIÓN SUPERIOR DE POSGRADO O CUARTO NIVEL,EN LÍNEA,PICHINCHA,QUITO,VIGENTE
UNIVERSIDAD ANDINA SIMON BOLIVAR,UNIVERSIDAD,PÚBLICA,INSTITUCIONES CONTRACTUALES GLOBALES,ADMINISTRACIÓN DE EMPRESAS Y DERECHO,EDUCACIÓN SUPERIOR DE POSGRADO O CUARTO NIVEL,EN LÍNEA,PICHINCHA,QUITO,VIGENTE
UNIVERSIDAD ANDINA SIMON BOLIVAR,UNIVERSIDAD,PÚBLICA,RESPONSABILIDAD CIVIL,ADMINISTRACIÓN DE EMPRESAS Y DERECHO,EDUCACIÓN SUPERIOR DE POSGRADO O CUARTO NIVEL,EN LÍNEA,PICHINCHA,QUITO,VIGENTE
UNIVERSIDAD ANDINA SIMON BOLIVAR,UNIVERSIDAD,PÚBLICA,DERECHOS HUMANOS,ADMINISTRACIÓN DE EMPRESAS Y DERECHO,EDUCACIÓN SUPERIOR DE POSGRADO O CUARTO NIVEL,EN LÍNEA,PICHINCHA,QUITO,VIGENTE
FACULTAD LATINOAMERICANA DE CIENCIAS SOCIALES,UNIVERSIDAD,PÚBLICA,INCLUSION FINANCIERA Y GESTION DE COOPERATIVAS DE AHORRO Y CREDITO,"CIENCIAS SOCIALES, PERIODISMO, INFORMACION Y DERECHO",EDUCACIÓN SUPERIOR DE POSGRADO O CUARTO NIVEL,EN LÍNEA,PICHINCHA,QUITO,VIGENTE
FACULTAD LATINOAMERICANA DE CIENCIAS SOCIALES,UNIVERSIDAD,PÚBLICA,"POLITICA, ANALISIS DE REDES Y BIG DATA","CIENCIAS SOCIALES, PERIODISMO E INFORMACION",EDUCACIÓN SUPERIOR DE POSGRADO O CUARTO NIVEL,EN LÍNEA,PICHINCHA,QUITO,VIGENTE
FACULTAD LATINOAMERICANA DE CIENCIAS SOCIALES,UNIVERSIDAD,PÚBLICA,DISEÑO DE POLITICAS PUBLICAS,"CIENCIAS SOCIALES, PERIODISMO, INFORMACION Y DERECHO",EDUCACIÓN SUPERIOR DE POSGRADO O CUARTO NIVEL,EN LÍNEA,PICHINCHA,QUITO,VIGENTE
FACULTAD LATINOAMERICANA DE CIENCIAS SOCIALES,UNIVERSIDAD,PÚBLICA,INTERCULTURALIDAD Y DESARROLLO,"CIENCIAS SOCIALES, PERIODISMO, INFORMACION Y DERECHO",EDUCACIÓN SUPERIOR DE POSGRADO O CUARTO NIVEL,EN LÍNEA,PICHINCHA,QUITO,VIGENTE
FACULTAD LATINOAMERICANA DE CIENCIAS SOCIALES,UNIVERSIDAD,PÚBLICA,"CIENCIA, TECNOLOGIA Y SOCIEDAD","CIENCIAS SOCIALES, PERIODISMO, INFORMACION Y DERECHO",EDUCACIÓN SUPERIOR DE POSGRADO O CUARTO NIVEL,EN LÍNEA,PICHINCHA,QUITO,VIGENTE
FACULTAD LATINOAMERICANA DE CIENCIAS SOCIALES,UNIVERSIDAD,PÚBLICA,"MIGRACIONES INTERNACIONALES, REFUGIO Y DERECHOS HUMANOS","CIENCIAS SOCIALES, PERIODISMO E INFORMACION",EDUCACIÓN SUPERIOR DE POSGRADO O CUARTO NIVEL,EN LÍNEA,PICHINCHA,QUITO,VIGENTE
FACULTAD LATINOAMERICANA DE CIENCIAS SOCIALES,UNIVERSIDAD,PÚBLICA,"GENERO, VIOLENCIA Y DERECHOS HUMANOS","CIENCIAS SOCIALES, PERIODISMO, INFORMACION Y DERECHO",EDUCACIÓN SUPERIOR DE POSGRADO O CUARTO NIVEL,EN LÍNEA,PICHINCHA,QUITO,VIGENTE
FACULTAD LATINOAMERICANA DE CIENCIAS SOCIALES,UNIVERSIDAD,PÚBLICA,ANALISIS DE CRIMEN ORGANIZADO Y SEGURIDAD INTERNACIONAL,"CIENCIAS SOCIALES, PERIODISMO E INFORMACION",EDUCACIÓN SUPERIOR DE POSGRADO O CUARTO NIVEL,EN LÍNEA,PICHINCHA,QUITO,VIGENTE
FACULTAD LATINOAMERICANA DE CIENCIAS SOCIALES,UNIVERSIDAD,PÚBLICA,ECONOMIA Y GESTION ESTRATEGICA DE MICRO PEQUEÑAS Y MEDIANAS EMPRESAS,"CIENCIAS SOCIALES, PERIODISMO, INFORMACION Y DERECHO",EDUCACIÓN SUPERIOR DE POSGRADO O CUARTO NIVEL,EN LÍNEA,PICHINCHA,QUITO,VIGENTE
PONTIFICIA UNIVERSIDAD CATOLICA DEL ECUADOR,UNIVERSIDAD,PARTICULAR COFINANCIADA,EDUCACION,EDUCACION,EDUCACIÓN SUPERIOR DE POSGRADO O CUARTO NIVEL,EN LÍNEA,PICHINCHA,QUITO,VIGENTE
PONTIFICIA UNIVERSIDAD CATOLICA DEL ECUADOR,UNIVERSIDAD,PARTICULAR COFINANCIADA,ECONOMIA DE LA ENERGIA Y DESARROLLO SUSTENTABLE,"CIENCIAS SOCIALES, PERIODISMO, INFORMACION Y DERECHO",EDUCACIÓN SUPERIOR DE POSGRADO O CUARTO NIVEL,EN LÍNEA,PICHINCHA,QUITO,VIGENTE
PONTIFICIA UNIVERSIDAD CATOLICA DEL ECUADOR,UNIVERSIDAD,PARTICULAR COFINANCIADA,PSICOLOGIA,"CIENCIAS SOCIALES, PERIODISMO, INFORMACION Y DERECHO",EDUCACIÓN SUPERIOR DE POSGRADO O CUARTO NIVEL,EN LÍNEA,PICHINCHA,QUITO,VIGENTE
PONTIFICIA UNIVERSIDAD CATOLICA DEL ECUADOR,UNIVERSIDAD,PARTICULAR COFINANCIADA,COMUNICACION ESTRATEGICA,"CIENCIAS SOCIALES, PERIODISMO, INFORMACION Y DERECHO",EDUCACIÓN SUPERIOR DE POSGRADO O CUARTO NIVEL,EN LÍNEA,PICHINCHA,QUITO,VIGENTE
PONTIFICIA UNIVERSIDAD CATOLICA DEL ECUADOR,UNIVERSIDAD,PARTICULAR COFINANCIADA,COMUNICACION PARA LA SALUD,"CIENCIAS SOCIALES, PERIODISMO, INFORMACION Y DERECHO",EDUCACIÓN SUPERIOR DE POSGRADO O CUARTO NIVEL,EN LÍNEA,PICHINCHA,QUITO,VIGENTE
PONTIFICIA UNIVERSIDAD CATOLICA DEL ECUADOR,UNIVERSIDAD,PARTICULAR COFINANCIADA,ADMINISTRACION DE EMPRESAS,ADMINISTRACION,EDUCACIÓN SUPERIOR DE POSGRADO O CUARTO NIVEL,EN LÍNEA,PICHINCHA,QUITO,VIGENTE
PONTIFICIA UNIVERSIDAD CATOLICA DEL ECUADOR,UNIVERSIDAD,PARTICULAR COFINANCIADA,GESTION DEL TALENTO HUMANO,ADMINISTRACION,EDUCACIÓN SUPERIOR DE POSGRADO O CUARTO NIVEL,EN LÍNEA,PICHINCHA,QUITO,VIGENTE
PONTIFICIA UNIVERSIDAD CATOLICA DEL ECUADOR,UNIVERSIDAD,PARTICULAR COFINANCIADA,GESTION DE CONFLICTOS EN ENTORNOS CORPORATIVOS,ADMINISTRACION,EDUCACIÓN SUPERIOR DE POSGRADO O CUARTO NIVEL,EN LÍNEA,PICHINCHA,QUITO,VIGENTE
PONTIFICIA UNIVERSIDAD CATOLICA DEL ECUADOR,UNIVERSIDAD,PARTICULAR COFINANCIADA,BIOLOGIA COMPUTACIONAL,"CIENCIAS NATURALES, MATEMATICAS Y ESTADISTICA",EDUCACIÓN SUPERIOR DE POSGRADO O CUARTO NIVEL,EN LÍNEA,PICHINCHA,QUITO,VIGENTE
PONTIFICIA UNIVERSIDAD CATOLICA DEL ECUADOR,UNIVERSIDAD,PARTICULAR COFINANCIADA,ECONOMIA CIRCULAR,"CIENCIAS NATURALES, MATEMÁTICAS Y ESTADÍSTICA",EDUCACIÓN SUPERIOR DE POSGRADO O CUARTO NIVEL,EN LÍNEA,PICHINCHA,QUITO,VIGENTE
PONTIFICIA UNIVERSIDAD CATOLICA DEL ECUADOR,UNIVERSIDAD,PARTICULAR COFINANCIADA,SOSTENIBILIDAD Y PLANIFICACION DE LA CONSERVACION,"CIENCIAS NATURALES, MATEMÁTICAS Y ESTADÍSTICA",EDUCACIÓN SUPERIOR DE POSGRADO O CUARTO NIVEL,EN LÍNEA,PICHINCHA,QUITO,VIGENTE
PONTIFICIA UNIVERSIDAD CATOLICA DEL ECUADOR,UNIVERSIDAD,PARTICULAR COFINANCIADA,TECNOLOGIAS DE LA INFORMACION,TECNOLOGIAS DE LA INFORMACION Y LA COMUNICACION (TIC),EDUCACIÓN SUPERIOR DE POSGRADO O CUARTO NIVEL,EN LÍNEA,PICHINCHA,QUITO,VIGENTE
PONTIFICIA UNIVERSIDAD CATOLICA DEL ECUADOR,UNIVERSIDAD,PARTICULAR COFINANCIADA,SISTEMAS DE INFORMACION,TECNOLOGIAS DE LA INFORMACION Y LA COMUNICACION (TIC),EDUCACIÓN SUPERIOR DE POSGRADO O CUARTO NIVEL,EN LÍNEA,PICHINCHA,QUITO,VIGENTE
PONTIFICIA UNIVERSIDAD CATOLICA DEL ECUADOR,UNIVERSIDAD,PARTICULAR COFINANCIADA,URBANISMO,"INGENIERIA, INDUSTRIA Y CONSTRUCCION",EDUCACIÓN SUPERIOR DE POSGRADO O CUARTO NIVEL,EN LÍNEA,PICHINCHA,QUITO,VIGENTE
PONTIFICIA UNIVERSIDAD CATOLICA DEL ECUADOR,UNIVERSIDAD,PARTICULAR COFINANCIADA,NUTRICION CLINICA DEL NIÑO Y DEL ADOLESCENTE,SALUD Y BIENESTAR,EDUCACIÓN SUPERIOR DE POSGRADO O CUARTO NIVEL,EN LÍNEA,PICHINCHA,QUITO,VIGENTE
PONTIFICIA UNIVERSIDAD CATOLICA DEL ECUADOR,UNIVERSIDAD,PARTICULAR COFINANCIADA,PSICOONCOLOGIA,SALUD Y BIENESTAR,EDUCACIÓN SUPERIOR DE POSGRADO O CUARTO NIVEL,EN LÍNEA,PICHINCHA,QUITO,VIGENTE
PONTIFICIA UNIVERSIDAD CATOLICA DEL ECUADOR,UNIVERSIDAD,PARTICULAR COFINANCIADA,EPIDEMIOLOGIA PARA LA SALUD PUBLICA,SALUD Y BIENESTAR,EDUCACIÓN SUPERIOR DE POSGRADO O CUARTO NIVEL,EN LÍNEA,PICHINCHA,QUITO,VIGENTE
PONTIFICIA UNIVERSIDAD CATOLICA DEL ECUADOR,UNIVERSIDAD,PARTICULAR COFINANCIADA,GESTIÓN DE CALIDAD EN SALUD Y SEGURIDAD DEL PACIENTE,SALUD Y BIENESTAR,EDUCACIÓN SUPERIOR DE POSGRADO O CUARTO NIVEL,EN LÍNEA,PICHINCHA,QUITO,VIGENTE
PONTIFICIA UNIVERSIDAD CATOLICA DEL ECUADOR,UNIVERSIDAD,PARTICULAR COFINANCIADA,PREVENCION DEL ABUSO SEXUAL,SALUD Y BIENESTAR,EDUCACIÓN SUPERIOR DE POSGRADO O CUARTO NIVEL,EN LÍNEA,PICHINCHA,QUITO,VIGENTE
PONTIFICIA UNIVERSIDAD CATOLICA DEL ECUADOR,UNIVERSIDAD,PARTICULAR COFINANCIADA,ARTES Y EDUCACION,EDUCACION,EDUCACIÓN SUPERIOR DE POSGRADO O CUARTO NIVEL,EN LÍNEA,PICHINCHA,QUITO,VIGENTE
PONTIFICIA UNIVERSIDAD CATOLICA DEL ECUADOR,UNIVERSIDAD,PARTICULAR COFINANCIADA,PSICOLOGIA,"CIENCIAS SOCIALES, PERIODISMO E INFORMACION",EDUCACIÓN SUPERIOR DE POSGRADO O CUARTO NIVEL,EN LÍNEA,PICHINCHA,QUITO,VIGENTE
PONTIFICIA UNIVERSIDAD CATOLICA DEL ECUADOR,UNIVERSIDAD,PARTICULAR COFINANCIADA,FINANZAS,ADMINISTRACIÓN DE EMPRESAS Y DERECHO,EDUCACIÓN SUPERIOR DE POSGRADO O CUARTO NIVEL,EN LÍNEA,PICHINCHA,QUITO,VIGENTE
PONTIFICIA UNIVERSIDAD CATOLICA DEL ECUADOR,UNIVERSIDAD,PARTICULAR COFINANCIADA,DERECHO AMBIENTAL Y POLITICA EN EL CONTEXTO DEL CAMBIO CLIMATICO,ADMINISTRACIÓN DE EMPRESAS Y DERECHO,EDUCACIÓN SUPERIOR DE POSGRADO O CUARTO NIVEL,EN LÍNEA,PICHINCHA,QUITO,VIGENTE
UNIVERSIDAD UTE,UNIVERSIDAD,PARTICULAR COFINANCIADA,EDUCACION,EDUCACION,EDUCACIÓN SUPERIOR DE POSGRADO O CUARTO NIVEL,EN LÍNEA,PICHINCHA,QUITO,VIGENTE
UNIVERSIDAD UTE,UNIVERSIDAD,PARTICULAR COFINANCIADA,ADMINISTRACION EDUCATIVA,EDUCACION,EDUCACIÓN SUPERIOR DE POSGRADO O CUARTO NIVEL,EN LÍNEA,PICHINCHA,QUITO,VIGENTE
UNIVERSIDAD UTE,UNIVERSIDAD,PARTICULAR COFINANCIADA,PEDAGOGIA,EDUCACION,EDUCACIÓN SUPERIOR DE POSGRADO O CUARTO NIVEL,EN LÍNEA,PICHINCHA,QUITO,VIGENTE
UNIVERSIDAD UTE,UNIVERSIDAD,PARTICULAR COFINANCIADA,DISEÑO,ARTES Y HUMANIDADES,EDUCACIÓN SUPERIOR DE POSGRADO O CUARTO NIVEL,EN LÍNEA,PICHINCHA,QUITO,VIGENTE
UNIVERSIDAD UTE,UNIVERSIDAD,PARTICULAR COFINANCIADA,ECONOMIA,"CIENCIAS SOCIALES, PERIODISMO, INFORMACION Y DERECHO",EDUCACIÓN SUPERIOR DE POSGRADO O CUARTO NIVEL,EN LÍNEA,PICHINCHA,QUITO,VIGENTE
UNIVERSIDAD UTE,UNIVERSIDAD,PARTICULAR COFINANCIADA,ECONOMIA POLITICA DEL DESARROLLO EN AMERICA LATINA Y EL CARIBE,"CIENCIAS SOCIALES, PERIODISMO, INFORMACION Y DERECHO",EDUCACIÓN SUPERIOR DE POSGRADO O CUARTO NIVEL,EN LÍNEA,PICHINCHA,QUITO,VIGENTE
UNIVERSIDAD UTE,UNIVERSIDAD,PARTICULAR COFINANCIADA,PSICOLOGIA,"CIENCIAS SOCIALES, PERIODISMO, INFORMACION Y DERECHO",EDUCACIÓN SUPERIOR DE POSGRADO O CUARTO NIVEL,EN LÍNEA,PICHINCHA,QUITO,VIGENTE
UNIVERSIDAD UTE,UNIVERSIDAD,PARTICULAR COFINANCIADA,METODOS Y TECNICAS DE LA INVESTIGACION SOCIAL,"CIENCIAS SOCIALES, PERIODISMO, INFORMACION Y DERECHO",EDUCACIÓN SUPERIOR DE POSGRADO O CUARTO NIVEL,EN LÍNEA,PICHINCHA,QUITO,VIGENTE
UNIVERSIDAD UTE,UNIVERSIDAD,PARTICULAR COFINANCIADA,CUIDADOS Y GENERO CON PERSPECTIVA LATINOAMERICANA,"CIENCIAS SOCIALES, PERIODISMO, INFORMACION Y DERECHO",EDUCACIÓN SUPERIOR DE POSGRADO O CUARTO NIVEL,EN LÍNEA,PICHINCHA,QUITO,VIGENTE
UNIVERSIDAD UTE,UNIVERSIDAD,PARTICULAR COFINANCIADA,"DERECHOS HUMANOS, INTERCULTURALIDAD Y GENERO","CIENCIAS SOCIALES, PERIODISMO, INFORMACION Y DERECHO",EDUCACIÓN SUPERIOR DE POSGRADO O CUARTO NIVEL,EN LÍNEA,PICHINCHA,QUITO,VIGENTE
UNIVERSIDAD UTE,UNIVERSIDAD,PARTICULAR COFINANCIADA,CONTABILIDAD Y FINANZAS,ADMINISTRACION,EDUCACIÓN SUPERIOR DE POSGRADO O CUARTO NIVEL,EN LÍNEA,PICHINCHA,QUITO,VIGENTE
UNIVERSIDAD UTE,UNIVERSIDAD,PARTICULAR COFINANCIADA,GESTION DE PROYECTOS,ADMINISTRACION,EDUCACIÓN SUPERIOR DE POSGRADO O CUARTO NIVEL,EN LÍNEA,PICHINCHA,QUITO,VIGENTE
UNIVERSIDAD UTE,UNIVERSIDAD,PARTICULAR COFINANCIADA,ADMINISTRACION Y DIRECCION DE EMPRESAS,ADMINISTRACION,EDUCACIÓN SUPERIOR DE POSGRADO O CUARTO NIVEL,EN LÍNEA,PICHINCHA,QUITO,VIGENTE
UNIVERSIDAD UTE,UNIVERSIDAD,PARTICULAR COFINANCIADA,SISTEMAS DE GESTION DE CALIDAD,ADMINISTRACION,EDUCACIÓN SUPERIOR DE POSGRADO O CUARTO NIVEL,EN LÍNEA,PICHINCHA,QUITO,VIGENTE
UNIVERSIDAD UTE,UNIVERSIDAD,PARTICULAR COFINANCIADA,MARKETING DIGITAL,ADMINISTRACION,EDUCACIÓN SUPERIOR DE POSGRADO O CUARTO NIVEL,EN LÍNEA,PICHINCHA,QUITO,VIGENTE
UNIVERSIDAD UTE,UNIVERSIDAD,PARTICULAR COFINANCIADA,COMERCIO,ADMINISTRACION,EDUCACIÓN SUPERIOR DE POSGRADO O CUARTO NIVEL,EN LÍNEA,PICHINCHA,QUITO,VIGENTE
UNIVERSIDAD UTE,UNIVERSIDAD,PARTICULAR COFINANCIADA,GESTION DEL TALENTO HUMANO,ADMINISTRACION,EDUCACIÓN SUPERIOR DE POSGRADO O CUARTO NIVEL,EN LÍNEA,PICHINCHA,QUITO,VIGENTE
UNIVERSIDAD UTE,UNIVERSIDAD,PARTICULAR COFINANCIADA,CIBERSEGURIDAD,TECNOLOGIAS DE LA INFORMACION Y LA COMUNICACION (TIC),EDUCACIÓN SUPERIOR DE POSGRADO O CUARTO NIVEL,EN LÍNEA,PICHINCHA,QUITO,VIGENTE
UNIVERSIDAD UTE,UNIVERSIDAD,PARTICULAR COFINANCIADA,URBANISMO,"INGENIERIA, INDUSTRIA Y CONSTRUCCION",EDUCACIÓN SUPERIOR DE POSGRADO O CUARTO NIVEL,EN LÍNEA,PICHINCHA,QUITO,VIGENTE
UNIVERSIDAD UTE,UNIVERSIDAD,PARTICULAR COFINANCIADA,GERENCIA EN SALUD,SALUD Y BIENESTAR,EDUCACIÓN SUPERIOR DE POSGRADO O CUARTO NIVEL,EN LÍNEA,PICHINCHA,QUITO,VIGENTE
UNIVERSIDAD UTE,UNIVERSIDAD,PARTICULAR COFINANCIADA,TURISMO,SERVICIOS,EDUCACIÓN SUPERIOR DE POSGRADO O CUARTO NIVEL,EN LÍNEA,PICHINCHA,QUITO,VIGENTE
UNIVERSIDAD UTE,UNIVERSIDAD,PARTICULAR COFINANCIADA,RESPONSABILIDAD CIVIL Y DERECHO CONTRACTUAL,ADMINISTRACIÓN DE EMPRESAS Y DERECHO,EDUCACIÓN SUPERIOR DE POSGRADO O CUARTO NIVEL,EN LÍNEA,PICHINCHA,QUITO,VIGENTE
UNIVERSIDAD UTE,UNIVERSIDAD,PARTICULAR COFINANCIADA,"FAMILIA Y DERECHOS DE LAS NIÑAS, NIÑOS Y ADOLESCENTES",ADMINISTRACIÓN DE EMPRESAS Y DERECHO,EDUCACIÓN SUPERIOR DE POSGRADO O CUARTO NIVEL,EN LÍNEA,PICHINCHA,QUITO,VIGENTE
UNIVERSIDAD PARTICULAR INTERNACIONAL SEK,UNIVERSIDAD,PARTICULAR AUTOFINANCIADA,GOBIERNO ABIERTO,"CIENCIAS SOCIALES, PERIODISMO, INFORMACION Y DERECHO",EDUCACIÓN SUPERIOR DE POSGRADO O CUARTO NIVEL,EN LÍNEA,PICHINCHA,QUITO,VIGENTE
UNIVERSIDAD PARTICULAR INTERNACIONAL SEK,UNIVERSIDAD,PARTICULAR AUTOFINANCIADA,CUMPLIMIENTO Y ANTICORRUPCION,"CIENCIAS SOCIALES, PERIODISMO, INFORMACION Y DERECHO",EDUCACIÓN SUPERIOR DE POSGRADO O CUARTO NIVEL,EN LÍNEA,PICHINCHA,QUITO,VIGENTE
UNIVERSIDAD PARTICULAR INTERNACIONAL SEK,UNIVERSIDAD,PARTICULAR AUTOFINANCIADA,SOSTENIBILIDAD Y RESPONSABILIDAD SOCIAL EMPRESARIAL,ADMINISTRACION,EDUCACIÓN SUPERIOR DE POSGRADO O CUARTO NIVEL,EN LÍNEA,PICHINCHA,QUITO,VIGENTE
UNIVERSIDAD PARTICULAR INTERNACIONAL SEK,UNIVERSIDAD,PARTICULAR AUTOFINANCIADA,SALUD Y SEGURIDAD OCUPACIONAL,SERVICIOS,EDUCACIÓN SUPERIOR DE POSGRADO O CUARTO NIVEL,EN LÍNEA,PICHINCHA,QUITO,VIGENTE
UNIVERSIDAD PARTICULAR INTERNACIONAL SEK,UNIVERSIDAD,PARTICULAR AUTOFINANCIADA,SEGURIDAD MINERA,SERVICIOS,EDUCACIÓN SUPERIOR DE POSGRADO O CUARTO NIVEL,EN LÍNEA,PICHINCHA,QUITO,VIGENTE
UNIVERSIDAD PARTICULAR INTERNACIONAL SEK,UNIVERSIDAD,PARTICULAR AUTOFINANCIADA,PSICOSOCIOLOGIA LABORAL,SERVICIOS,EDUCACIÓN SUPERIOR DE POSGRADO O CUARTO NIVEL,EN LÍNEA,PICHINCHA,QUITO,VIGENTE
UNIVERSIDAD PARTICULAR INTERNACIONAL SEK,UNIVERSIDAD,PARTICULAR AUTOFINANCIADA,TOXICOLOGIA LABORAL,SERVICIOS,EDUCACIÓN SUPERIOR DE POSGRADO O CUARTO NIVEL,EN LÍNEA,PICHINCHA,QUITO,VIGENTE
UNIVERSIDAD PARTICULAR INTERNACIONAL SEK,UNIVERSIDAD,PARTICULAR AUTOFINANCIADA,"EDUCACION, TECNOLOGIA E INNOVACION",EDUCACION,EDUCACIÓN SUPERIOR DE POSGRADO O CUARTO NIVEL,EN LÍNEA,PICHINCHA,QUITO,VIGENTE
UNIVERSIDAD PARTICULAR INTERNACIONAL SEK,UNIVERSIDAD,PARTICULAR AUTOFINANCIADA,PSICOLOGIA,"CIENCIAS SOCIALES, PERIODISMO, INFORMACION Y DERECHO",EDUCACIÓN SUPERIOR DE POSGRADO O CUARTO NIVEL,EN LÍNEA,PICHINCHA,QUITO,VIGENTE
UNIVERSIDAD PARTICULAR INTERNACIONAL SEK,UNIVERSIDAD,PARTICULAR AUTOFINANCIADA,DERECHO PROCESAL Y LITIGACION ORAL,"CIENCIAS SOCIALES, PERIODISMO, INFORMACION Y DERECHO",EDUCACIÓN SUPERIOR DE POSGRADO O CUARTO NIVEL,EN LÍNEA,PICHINCHA,QUITO,VIGENTE
UNIVERSIDAD PARTICULAR INTERNACIONAL SEK,UNIVERSIDAD,PARTICULAR AUTOFINANCIADA,TRANSFORMACION DIGITAL DE NEGOCIOS,ADMINISTRACION,EDUCACIÓN SUPERIOR DE POSGRADO O CUARTO NIVEL,EN LÍNEA,PICHINCHA,QUITO,VIGENTE
UNIVERSIDAD PARTICULAR INTERNACIONAL SEK,UNIVERSIDAD,PARTICULAR AUTOFINANCIADA,ADMINISTRACION DE EMPRESAS,ADMINISTRACION,EDUCACIÓN SUPERIOR DE POSGRADO O CUARTO NIVEL,EN LÍNEA,PICHINCHA,QUITO,VIGENTE
UNIVERSIDAD PARTICULAR INTERNACIONAL SEK,UNIVERSIDAD,PARTICULAR AUTOFINANCIADA,GESTION DE PROYECTOS,ADMINISTRACION,EDUCACIÓN SUPERIOR DE POSGRADO O CUARTO NIVEL,EN LÍNEA,PICHINCHA,QUITO,VIGENTE
UNIVERSIDAD PARTICULAR INTERNACIONAL SEK,UNIVERSIDAD,PARTICULAR AUTOFINANCIADA,GESTION DEL TALENTO HUMANO,ADMINISTRACION,EDUCACIÓN SUPERIOR DE POSGRADO O CUARTO NIVEL,EN LÍNEA,PICHINCHA,QUITO,VIGENTE
UNIVERSIDAD PARTICULAR INTERNACIONAL SEK,UNIVERSIDAD,PARTICULAR AUTOFINANCIADA,NEGOCIOS INTERNACIONALES,ADMINISTRACION,EDUCACIÓN SUPERIOR DE POSGRADO O CUARTO NIVEL,EN LÍNEA,PICHINCHA,QUITO,VIGENTE
UNIVERSIDAD PARTICULAR INTERNACIONAL SEK,UNIVERSIDAD,PARTICULAR AUTOFINANCIADA,GESTION AMBIENTAL,"CIENCIAS NATURALES, MATEMÁTICAS Y ESTADÍSTICA",EDUCACIÓN SUPERIOR DE POSGRADO O CUARTO NIVEL,EN LÍNEA,PICHINCHA,QUITO,VIGENTE
UNIVERSIDAD PARTICULAR INTERNACIONAL SEK,UNIVERSIDAD,PARTICULAR AUTOFINANCIADA,SISTEMAS DE INFORMACION,TECNOLOGIAS DE LA INFORMACION Y LA COMUNICACION (TIC),EDUCACIÓN SUPERIOR DE POSGRADO O CUARTO NIVEL,EN LÍNEA,PICHINCHA,QUITO,VIGENTE
UNIVERSIDAD PARTICULAR INTERNACIONAL SEK,UNIVERSIDAD,PARTICULAR AUTOFINANCIADA,CIBERSEGURIDAD,TECNOLOGIAS DE LA INFORMACION Y LA COMUNICACION (TIC),EDUCACIÓN SUPERIOR DE POSGRADO O CUARTO NIVEL,EN LÍNEA,PICHINCHA,QUITO,VIGENTE
UNIVERSIDAD PARTICULAR INTERNACIONAL SEK,UNIVERSIDAD,PARTICULAR AUTOFINANCIADA,GERENCIA DE PROYECTOS BIM,"INGENIERIA, INDUSTRIA Y CONSTRUCCION",EDUCACIÓN SUPERIOR DE POSGRADO O CUARTO NIVEL,EN LÍNEA,PICHINCHA,QUITO,VIGENTE
UNIVERSIDAD PARTICULAR INTERNACIONAL SEK,UNIVERSIDAD,PARTICULAR AUTOFINANCIADA,GESTION DE RIESGOS,SERVICIOS,EDUCACIÓN SUPERIOR DE POSGRADO O CUARTO NIVEL,EN LÍNEA,PICHINCHA,QUITO,VIGENTE
UNIVERSIDAD PARTICULAR INTERNACIONAL SEK,UNIVERSIDAD,PARTICULAR AUTOFINANCIADA,ESTUDIOS POLITICOS GLOBALES PARA LA TRANSFORMACION SOCIAL,"CIENCIAS SOCIALES, PERIODISMO E INFORMACION",EDUCACIÓN SUPERIOR DE POSGRADO O CUARTO NIVEL,EN LÍNEA,PICHINCHA,QUITO,VIGENTE
UNIVERSIDAD PARTICULAR INTERNACIONAL SEK,UNIVERSIDAD,PARTICULAR AUTOFINANCIADA,ADMINISTRACION DE LAS ORGANIZACIONES DE LA ECONOMIA SOCIAL Y SOLIDARIA,ADMINISTRACIÓN DE EMPRESAS Y DERECHO,EDUCACIÓN SUPERIOR DE POSGRADO O CUARTO NIVEL,EN LÍNEA,PICHINCHA,QUITO,VIGENTE
UNIVERSIDAD PARTICULAR INTERNACIONAL SEK,UNIVERSIDAD,PARTICULAR AUTOFINANCIADA,CRIMINOLOGIA,ADMINISTRACIÓN DE EMPRESAS Y DERECHO,EDUCACIÓN SUPERIOR DE POSGRADO O CUARTO NIVEL,EN LÍNEA,PICHINCHA,QUITO,VIGENTE
UNIVERSIDAD SAN FRANCISCO DE QUITO,UNIVERSIDAD,PARTICULAR AUTOFINANCIADA,DERECHO Y ECONOMIA DE LA COMPETENCIA,"CIENCIAS SOCIALES, PERIODISMO, INFORMACION Y DERECHO",EDUCACIÓN SUPERIOR DE POSGRADO O CUARTO NIVEL,EN LÍNEA,PICHINCHA,QUITO,VIGENTE
UNIVERSIDAD SAN FRANCISCO DE QUITO,UNIVERSIDAD,PARTICULAR AUTOFINANCIADA,GESTION DE EMPRESAS DEPORTIVAS,ADMINISTRACION,EDUCACIÓN SUPERIOR DE POSGRADO O CUARTO NIVEL,EN LÍNEA,PICHINCHA,QUITO,VIGENTE
UNIVERSIDAD SAN FRANCISCO DE QUITO,UNIVERSIDAD,PARTICULAR AUTOFINANCIADA,"DIRECCION DE RESTAURANTES, ALIMENTOS Y BEBIDAS",SERVICIOS,EDUCACIÓN SUPERIOR DE POSGRADO O CUARTO NIVEL,EN LÍNEA,PICHINCHA,QUITO,VIGENTE
UNIVERSIDAD DE LAS AMERICAS,UNIVERSIDAD,PARTICULAR AUTOFINANCIADA,LIDERAZGO EDUCATIVO,EDUCACION,EDUCACIÓN SUPERIOR DE POSGRADO O CUARTO NIVEL,EN LÍNEA,PICHINCHA,QUITO,VIGENTE
UNIVERSIDAD DE LAS AMERICAS,UNIVERSIDAD,PARTICULAR AUTOFINANCIADA,GERENCIA TRIBUTARIA,ADMINISTRACION,EDUCACIÓN SUPERIOR DE POSGRADO O CUARTO NIVEL,EN LÍNEA,PICHINCHA,QUITO,VIGENTE
UNIVERSIDAD DE LAS AMERICAS,UNIVERSIDAD,PARTICULAR AUTOFINANCIADA,DIRECCION DE EMPRESAS,ADMINISTRACION,EDUCACIÓN SUPERIOR DE POSGRADO O CUARTO NIVEL,EN LÍNEA,PICHINCHA,QUITO,VIGENTE
UNIVERSIDAD DE LAS AMERICAS,UNIVERSIDAD,PARTICULAR AUTOFINANCIADA,INTELIGENCIA DE NEGOCIOS Y CIENCIA DE DATOS,ADMINISTRACION,EDUCACIÓN SUPERIOR DE POSGRADO O CUARTO NIVEL,EN LÍNEA,PICHINCHA,QUITO,VIGENTE
UNIVERSIDAD DE LAS AMERICAS,UNIVERSIDAD,PARTICULAR AUTOFINANCIADA,GERENCIA DE INSTITUCIONES DE SALUD,ADMINISTRACION,EDUCACIÓN SUPERIOR DE POSGRADO O CUARTO NIVEL,EN LÍNEA,PICHINCHA,QUITO,VIGENTE
UNIVERSIDAD DE LAS AMERICAS,UNIVERSIDAD,PARTICULAR AUTOFINANCIADA,LOGISTICA Y CADENA DE SUMINISTRO,"CIENCIAS NATURALES, MATEMATICAS Y ESTADISTICA",EDUCACIÓN SUPERIOR DE POSGRADO O CUARTO NIVEL,EN LÍNEA,PICHINCHA,QUITO,VIGENTE
UNIVERSIDAD DE LAS AMERICAS,UNIVERSIDAD,PARTICULAR AUTOFINANCIADA,INTELIGENCIA ARTIFICIAL APLICADA,TECNOLOGIAS DE LA INFORMACION Y LA COMUNICACION (TIC),EDUCACIÓN SUPERIOR DE POSGRADO O CUARTO NIVEL,EN LÍNEA,PICHINCHA,QUITO,VIGENTE
UNIVERSIDAD DE LAS AMERICAS,UNIVERSIDAD,PARTICULAR AUTOFINANCIADA,EXPERIENCIA DE USUARIO,TECNOLOGIAS DE LA INFORMACION Y LA COMUNICACION (TIC),EDUCACIÓN SUPERIOR DE POSGRADO O CUARTO NIVEL,EN LÍNEA,PICHINCHA,QUITO,VIGENTE
UNIVERSIDAD DE LAS AMERICAS,UNIVERSIDAD,PARTICULAR AUTOFINANCIADA,NUTRICION Y DIETETICA,SALUD Y BIENESTAR,EDUCACIÓN SUPERIOR DE POSGRADO O CUARTO NIVEL,EN LÍNEA,PICHINCHA,QUITO,VIGENTE
UNIVERSIDAD DE LAS AMERICAS,UNIVERSIDAD,PARTICULAR AUTOFINANCIADA,PSICOLOGIA CLINICA,SALUD Y BIENESTAR,EDUCACIÓN SUPERIOR DE POSGRADO O CUARTO NIVEL,EN LÍNEA,PICHINCHA,QUITO,VIGENTE
UNIVERSIDAD DE LAS AMERICAS,UNIVERSIDAD,PARTICULAR AUTOFINANCIADA,SALUD PUBLICA,SALUD Y BIENESTAR,EDUCACIÓN SUPERIOR DE POSGRADO O CUARTO NIVEL,EN LÍNEA,PICHINCHA,QUITO,VIGENTE
UNIVERSIDAD DE LAS AMERICAS,UNIVERSIDAD,PARTICULAR AUTOFINANCIADA,SEGURIDAD Y SALUD OCUPACIONAL,SERVICIOS,EDUCACIÓN SUPERIOR DE POSGRADO O CUARTO NIVEL,EN LÍNEA,PICHINCHA,QUITO,VIGENTE
UNIVERSIDAD DE LAS AMERICAS,UNIVERSIDAD,PARTICULAR AUTOFINANCIADA,DISEÑO WEB,ARTES Y HUMANIDADES,EDUCACIÓN SUPERIOR DE POSGRADO O CUARTO NIVEL,EN LÍNEA,PICHINCHA,QUITO,VIGENTE
UNIVERSIDAD DE LAS AMERICAS,UNIVERSIDAD,PARTICULAR AUTOFINANCIADA,DERECHO ADMINISTRATIVO,ADMINISTRACIÓN DE EMPRESAS Y DERECHO,EDUCACIÓN SUPERIOR DE POSGRADO O CUARTO NIVEL,EN LÍNEA,PICHINCHA,QUITO,VIGENTE
UNIVERSIDAD INTERNACIONAL DEL ECUADOR,UNIVERSIDAD,PARTICULAR AUTOFINANCIADA,FORENSIA DIGITAL,TECNOLOGIAS DE LA INFORMACION Y LA COMUNICACION (TIC),EDUCACIÓN SUPERIOR DE POSGRADO O CUARTO NIVEL,EN LÍNEA,PICHINCHA,QUITO,VIGENTE
UNIVERSIDAD INTERNACIONAL DEL ECUADOR,UNIVERSIDAD,PARTICULAR AUTOFINANCIADA,EDUCACION,EDUCACION,EDUCACIÓN SUPERIOR DE POSGRADO O CUARTO NIVEL,EN LÍNEA,PICHINCHA,QUITO,VIGENTE
UNIVERSIDAD INTERNACIONAL DEL ECUADOR,UNIVERSIDAD,PARTICULAR AUTOFINANCIADA,PSICOPEDAGOGIA,EDUCACION,EDUCACIÓN SUPERIOR DE POSGRADO O CUARTO NIVEL,EN LÍNEA,PICHINCHA,QUITO,VIGENTE
UNIVERSIDAD INTERNACIONAL DEL ECUADOR,UNIVERSIDAD,PARTICULAR AUTOFINANCIADA,RELACIONES INTERNACIONALES,"CIENCIAS SOCIALES, PERIODISMO, INFORMACION Y DERECHO",EDUCACIÓN SUPERIOR DE POSGRADO O CUARTO NIVEL,EN LÍNEA,PICHINCHA,QUITO,VIGENTE
UNIVERSIDAD INTERNACIONAL DEL ECUADOR,UNIVERSIDAD,PARTICULAR AUTOFINANCIADA,COMUNICACION POLITICA,"CIENCIAS SOCIALES, PERIODISMO, INFORMACION Y DERECHO",EDUCACIÓN SUPERIOR DE POSGRADO O CUARTO NIVEL,EN LÍNEA,PICHINCHA,QUITO,VIGENTE
UNIVERSIDAD INTERNACIONAL DEL ECUADOR,UNIVERSIDAD,PARTICULAR AUTOFINANCIADA,GAMIFICACION Y NARRATIVA TRANSMEDIA,"CIENCIAS SOCIALES, PERIODISMO, INFORMACION Y DERECHO",EDUCACIÓN SUPERIOR DE POSGRADO O CUARTO NIVEL,EN LÍNEA,PICHINCHA,QUITO,VIGENTE
UNIVERSIDAD INTERNACIONAL DEL ECUADOR,UNIVERSIDAD,PARTICULAR AUTOFINANCIADA,COMUNICACION CORPORATIVA Y REPUTACIONAL,"CIENCIAS SOCIALES, PERIODISMO, INFORMACION Y DERECHO",EDUCACIÓN SUPERIOR DE POSGRADO O CUARTO NIVEL,EN LÍNEA,PICHINCHA,QUITO,VIGENTE
UNIVERSIDAD INTERNACIONAL DEL ECUADOR,UNIVERSIDAD,PARTICULAR AUTOFINANCIADA,DERECHO DIGITAL,"CIENCIAS SOCIALES, PERIODISMO, INFORMACION Y DERECHO",EDUCACIÓN SUPERIOR DE POSGRADO O CUARTO NIVEL,EN LÍNEA,PICHINCHA,QUITO,VIGENTE
UNIVERSIDAD INTERNACIONAL DEL ECUADOR,UNIVERSIDAD,PARTICULAR AUTOFINANCIADA,DERECHO CORPORATIVO PARA LOS NEGOCIOS INTERNACIONALES,"CIENCIAS SOCIALES, PERIODISMO, INFORMACION Y DERECHO",EDUCACIÓN SUPERIOR DE POSGRADO O CUARTO NIVEL,EN LÍNEA,PICHINCHA,QUITO,VIGENTE
UNIVERSIDAD INTERNACIONAL DEL ECUADOR,UNIVERSIDAD,PARTICULAR AUTOFINANCIADA,CRIMINALISTICA,"CIENCIAS SOCIALES, PERIODISMO, INFORMACION Y DERECHO",EDUCACIÓN SUPERIOR DE POSGRADO O CUARTO NIVEL,EN LÍNEA,PICHINCHA,QUITO,VIGENTE
UNIVERSIDAD INTERNACIONAL DEL ECUADOR,UNIVERSIDAD,PARTICULAR AUTOFINANCIADA,GESTION FINANCIERA Y TECNOLOGIAS DISRUPTIVAS,ADMINISTRACION,EDUCACIÓN SUPERIOR DE POSGRADO O CUARTO NIVEL,EN LÍNEA,PICHINCHA,QUITO,VIGENTE
UNIVERSIDAD INTERNACIONAL DEL ECUADOR,UNIVERSIDAD,PARTICULAR AUTOFINANCIADA,FINANZAS CORPORATIVAS,ADMINISTRACION,EDUCACIÓN SUPERIOR DE POSGRADO O CUARTO NIVEL,EN LÍNEA,PICHINCHA,QUITO,VIGENTE
UNIVERSIDAD INTERNACIONAL DEL ECUADOR,UNIVERSIDAD,PARTICULAR AUTOFINANCIADA,DIRECCION FINANCIERA,ADMINISTRACION,EDUCACIÓN SUPERIOR DE POSGRADO O CUARTO NIVEL,EN LÍNEA,PICHINCHA,QUITO,VIGENTE
UNIVERSIDAD INTERNACIONAL DEL ECUADOR,UNIVERSIDAD,PARTICULAR AUTOFINANCIADA,GESTION DE LA INNOVACION,ADMINISTRACION,EDUCACIÓN SUPERIOR DE POSGRADO O CUARTO NIVEL,EN LÍNEA,PICHINCHA,QUITO,VIGENTE
UNIVERSIDAD INTERNACIONAL DEL ECUADOR,UNIVERSIDAD,PARTICULAR AUTOFINANCIADA,GESTION INTEGRAL DE SEGUROS,ADMINISTRACION,EDUCACIÓN SUPERIOR DE POSGRADO O CUARTO NIVEL,EN LÍNEA,PICHINCHA,QUITO,VIGENTE
UNIVERSIDAD INTERNACIONAL DEL ECUADOR,UNIVERSIDAD,PARTICULAR AUTOFINANCIADA,INTELIGENCIA DE NEGOCIOS Y COMPORTAMIENTO DEL CONSUMIDOR,ADMINISTRACION,EDUCACIÓN SUPERIOR DE POSGRADO O CUARTO NIVEL,EN LÍNEA,PICHINCHA,QUITO,VIGENTE
UNIVERSIDAD INTERNACIONAL DEL ECUADOR,UNIVERSIDAD,PARTICULAR AUTOFINANCIADA,ADMINISTRACION DE EMPRESAS,ADMINISTRACION,EDUCACIÓN SUPERIOR DE POSGRADO O CUARTO NIVEL,EN LÍNEA,PICHINCHA,QUITO,VIGENTE
UNIVERSIDAD INTERNACIONAL DEL ECUADOR,UNIVERSIDAD,PARTICULAR AUTOFINANCIADA,GESTION DE PROYECTOS,ADMINISTRACION,EDUCACIÓN SUPERIOR DE POSGRADO O CUARTO NIVEL,EN LÍNEA,PICHINCHA,QUITO,VIGENTE
UNIVERSIDAD INTERNACIONAL DEL ECUADOR,UNIVERSIDAD,PARTICULAR AUTOFINANCIADA,GESTION ESTRATEGICA DE CADENAS DE SUMINISTRO,ADMINISTRACION,EDUCACIÓN SUPERIOR DE POSGRADO O CUARTO NIVEL,EN LÍNEA,PICHINCHA,QUITO,VIGENTE
UNIVERSIDAD INTERNACIONAL DEL ECUADOR,UNIVERSIDAD,PARTICULAR AUTOFINANCIADA,MERCADOTECNIA,ADMINISTRACION,EDUCACIÓN SUPERIOR DE POSGRADO O CUARTO NIVEL,EN LÍNEA,PICHINCHA,QUITO,VIGENTE
UNIVERSIDAD INTERNACIONAL DEL ECUADOR,UNIVERSIDAD,PARTICULAR AUTOFINANCIADA,MARKETING Y COMUNICACIÓN,ADMINISTRACION,EDUCACIÓN SUPERIOR DE POSGRADO O CUARTO NIVEL,EN LÍNEA,PICHINCHA,QUITO,VIGENTE
UNIVERSIDAD INTERNACIONAL DEL ECUADOR,UNIVERSIDAD,PARTICULAR AUTOFINANCIADA,NEUROMARKETING,ADMINISTRACION,EDUCACIÓN SUPERIOR DE POSGRADO O CUARTO NIVEL,EN LÍNEA,PICHINCHA,QUITO,VIGENTE
UNIVERSIDAD INTERNACIONAL DEL ECUADOR,UNIVERSIDAD,PARTICULAR AUTOFINANCIADA,GERENCIA DE LA CALIDAD E INNOVACION,ADMINISTRACION,EDUCACIÓN SUPERIOR DE POSGRADO O CUARTO NIVEL,EN LÍNEA,PICHINCHA,QUITO,VIGENTE
UNIVERSIDAD INTERNACIONAL DEL ECUADOR,UNIVERSIDAD,PARTICULAR AUTOFINANCIADA,COMERCIO,ADMINISTRACION,EDUCACIÓN SUPERIOR DE POSGRADO O CUARTO NIVEL,EN LÍNEA,PICHINCHA,QUITO,VIGENTE
UNIVERSIDAD INTERNACIONAL DEL ECUADOR,UNIVERSIDAD,PARTICULAR AUTOFINANCIADA,GESTION DEL TALENTO HUMANO,ADMINISTRACION,EDUCACIÓN SUPERIOR DE POSGRADO O CUARTO NIVEL,EN LÍNEA,PICHINCHA,QUITO,VIGENTE
UNIVERSIDAD INTERNACIONAL DEL ECUADOR,UNIVERSIDAD,PARTICULAR AUTOFINANCIADA,DESARROLLO SOSTENIBLE Y RESPONSABILIDAD SOCIAL ORGANIZACIONAL,"CIENCIAS NATURALES, MATEMÁTICAS Y ESTADÍSTICA",EDUCACIÓN SUPERIOR DE POSGRADO O CUARTO NIVEL,EN LÍNEA,PICHINCHA,QUITO,VIGENTE
UNIVERSIDAD INTERNACIONAL DEL ECUADOR,UNIVERSIDAD,PARTICULAR AUTOFINANCIADA,SISTEMAS DE INFORMACION,TECNOLOGIAS DE LA INFORMACION Y LA COMUNICACION (TIC),EDUCACIÓN SUPERIOR DE POSGRADO O CUARTO NIVEL,EN LÍNEA,PICHINCHA,QUITO,VIGENTE
UNIVERSIDAD INTERNACIONAL DEL ECUADOR,UNIVERSIDAD,PARTICULAR AUTOFINANCIADA,CIBERSEGURIDAD,TECNOLOGIAS DE LA INFORMACION Y LA COMUNICACION (TIC),EDUCACIÓN SUPERIOR DE POSGRADO O CUARTO NIVEL,EN LÍNEA,PICHINCHA,QUITO,VIGENTE
UNIVERSIDAD INTERNACIONAL DEL ECUADOR,UNIVERSIDAD,PARTICULAR AUTOFINANCIADA,BIG DATA,TECNOLOGIAS DE LA INFORMACION Y LA COMUNICACION (TIC),EDUCACIÓN SUPERIOR DE POSGRADO O CUARTO NIVEL,EN LÍNEA,PICHINCHA,QUITO,VIGENTE
UNIVERSIDAD INTERNACIONAL DEL ECUADOR,UNIVERSIDAD,PARTICULAR AUTOFINANCIADA,CIENCIA DE DATOS Y MAQUINAS DE APRENDIZAJE,TECNOLOGIAS DE LA INFORMACION Y LA COMUNICACION (TIC),EDUCACIÓN SUPERIOR DE POSGRADO O CUARTO NIVEL,EN LÍNEA,PICHINCHA,QUITO,VIGENTE
UNIVERSIDAD INTERNACIONAL DEL ECUADOR,UNIVERSIDAD,PARTICULAR AUTOFINANCIADA,ENERGIAS RENOVABLES,"INGENIERIA, INDUSTRIA Y CONSTRUCCION",EDUCACIÓN SUPERIOR DE POSGRADO O CUARTO NIVEL,EN LÍNEA,PICHINCHA,QUITO,VIGENTE
UNIVERSIDAD INTERNACIONAL DEL ECUADOR,UNIVERSIDAD,PARTICULAR AUTOFINANCIADA,INGENIERIA AUTOMOTRIZ,"INGENIERIA, INDUSTRIA Y CONSTRUCCION",EDUCACIÓN SUPERIOR DE POSGRADO O CUARTO NIVEL,EN LÍNEA,PICHINCHA,QUITO,VIGENTE
UNIVERSIDAD INTERNACIONAL DEL ECUADOR,UNIVERSIDAD,PARTICULAR AUTOFINANCIADA,GESTION DE EMERGENCIAS SANITARIAS Y PANDEMIAS,SALUD Y BIENESTAR,EDUCACIÓN SUPERIOR DE POSGRADO O CUARTO NIVEL,EN LÍNEA,PICHINCHA,QUITO,VIGENTE
UNIVERSIDAD INTERNACIONAL DEL ECUADOR,UNIVERSIDAD,PARTICULAR AUTOFINANCIADA,TELEMEDICINA Y ESALUD,SALUD Y BIENESTAR,EDUCACIÓN SUPERIOR DE POSGRADO O CUARTO NIVEL,EN LÍNEA,PICHINCHA,QUITO,VIGENTE
UNIVERSIDAD INTERNACIONAL DEL ECUADOR,UNIVERSIDAD,PARTICULAR AUTOFINANCIADA,GERENCIA EN SALUD,SALUD Y BIENESTAR,EDUCACIÓN SUPERIOR DE POSGRADO O CUARTO NIVEL,EN LÍNEA,PICHINCHA,QUITO,VIGENTE
UNIVERSIDAD INTERNACIONAL DEL ECUADOR,UNIVERSIDAD,PARTICULAR AUTOFINANCIADA,GESTION DEPORTIVA,SERVICIOS,EDUCACIÓN SUPERIOR DE POSGRADO O CUARTO NIVEL,EN LÍNEA,PICHINCHA,QUITO,VIGENTE
UNIVERSIDAD INTERNACIONAL DEL ECUADOR,UNIVERSIDAD,PARTICULAR AUTOFINANCIADA,TURISMO,SERVICIOS,EDUCACIÓN SUPERIOR DE POSGRADO O CUARTO NIVEL,EN LÍNEA,PICHINCHA,QUITO,VIGENTE
UNIVERSIDAD INTERNACIONAL DEL ECUADOR,UNIVERSIDAD,PARTICULAR AUTOFINANCIADA,GESTION DE RIESGOS,SERVICIOS,EDUCACIÓN SUPERIOR DE POSGRADO O CUARTO NIVEL,EN LÍNEA,PICHINCHA,QUITO,VIGENTE
UNIVERSIDAD INTERNACIONAL DEL ECUADOR,UNIVERSIDAD,PARTICULAR AUTOFINANCIADA,GESTION DEL TRANSPORTE,SERVICIOS,EDUCACIÓN SUPERIOR DE POSGRADO O CUARTO NIVEL,EN LÍNEA,PICHINCHA,QUITO,VIGENTE
UNIVERSIDAD INTERNACIONAL DEL ECUADOR,UNIVERSIDAD,PARTICULAR AUTOFINANCIADA,TRANSFORMACION DIGITAL DE NEGOCIOS,ADMINISTRACIÓN DE EMPRESAS Y DERECHO,EDUCACIÓN SUPERIOR DE POSGRADO O CUARTO NIVEL,EN LÍNEA,PICHINCHA,QUITO,VIGENTE
UNIVERSIDAD INTERNACIONAL DEL ECUADOR,UNIVERSIDAD,PARTICULAR AUTOFINANCIADA,GESTION PUBLICA,ADMINISTRACIÓN DE EMPRESAS Y DERECHO,EDUCACIÓN SUPERIOR DE POSGRADO O CUARTO NIVEL,EN LÍNEA,PICHINCHA,QUITO,VIGENTE
UNIVERSIDAD INTERNACIONAL DEL ECUADOR,UNIVERSIDAD,PARTICULAR AUTOFINANCIADA,DIRECCION PUBLICITARIA Y CREATIVA,ADMINISTRACIÓN DE EMPRESAS Y DERECHO,EDUCACIÓN SUPERIOR DE POSGRADO O CUARTO NIVEL,EN LÍNEA,PICHINCHA,QUITO,VIGENTE
UNIVERSIDAD INTERNACIONAL DEL ECUADOR,UNIVERSIDAD,PARTICULAR AUTOFINANCIADA,DERECHO,ADMINISTRACIÓN DE EMPRESAS Y DERECHO,EDUCACIÓN SUPERIOR DE POSGRADO O CUARTO NIVEL,EN LÍNEA,PICHINCHA,QUITO,VIGENTE
UNIVERSIDAD INTERNACIONAL DEL ECUADOR,UNIVERSIDAD,PARTICULAR AUTOFINANCIADA,PROTECCIÓN DE DATOS,ADMINISTRACIÓN DE EMPRESAS Y DERECHO,EDUCACIÓN SUPERIOR DE POSGRADO O CUARTO NIVEL,EN LÍNEA,PICHINCHA,QUITO,VIGENTE
UNIVERSIDAD INTERNACIONAL DEL ECUADOR,UNIVERSIDAD,PARTICULAR AUTOFINANCIADA,DERECHO PROCESAL Y LITIGACION ORAL,ADMINISTRACIÓN DE EMPRESAS Y DERECHO,EDUCACIÓN SUPERIOR DE POSGRADO O CUARTO NIVEL,EN LÍNEA,PICHINCHA,QUITO,VIGENTE
UNIVERSIDAD INTERNACIONAL DEL ECUADOR,UNIVERSIDAD,PARTICULAR AUTOFINANCIADA,DERECHO LABORAL Y SEGURIDAD SOCIAL,ADMINISTRACIÓN DE EMPRESAS Y DERECHO,EDUCACIÓN SUPERIOR DE POSGRADO O CUARTO NIVEL,EN LÍNEA,PICHINCHA,QUITO,VIGENTE
UNIVERSIDAD INTERNACIONAL DEL ECUADOR,UNIVERSIDAD,PARTICULAR AUTOFINANCIADA,INTELIGENCIA ARTIFICIAL APLICADA,TECNOLOGIAS DE LA INFORMACION Y LA COMUNICACION (TIC),EDUCACIÓN SUPERIOR DE POSGRADO O CUARTO NIVEL,EN LÍNEA,PICHINCHA,QUITO,VIGENTE
UNIVERSIDAD INTERNACIONAL DEL ECUADOR,UNIVERSIDAD,PARTICULAR AUTOFINANCIADA,PLANIFICACION Y DISEÑO URBANO,"INGENIERIA, INDUSTRIA Y CONSTRUCCION",EDUCACIÓN SUPERIOR DE POSGRADO O CUARTO NIVEL,EN LÍNEA,PICHINCHA,QUITO,VIGENTE
UNIVERSIDAD INTERNACIONAL DEL ECUADOR,UNIVERSIDAD,PARTICULAR AUTOFINANCIADA,SEGURIDAD Y SALUD OCUPACIONAL,SERVICIOS,EDUCACIÓN SUPERIOR DE POSGRADO O CUARTO NIVEL,EN LÍNEA,PICHINCHA,QUITO,VIGENTE
UNIVERSIDAD TECNOLOGICA INDOAMERICA,UNIVERSIDAD,PARTICULAR AUTOFINANCIADA,EDUCACION,EDUCACION,EDUCACIÓN SUPERIOR DE POSGRADO O CUARTO NIVEL,EN LÍNEA,PICHINCHA,QUITO,VIGENTE
UNIVERSIDAD TECNOLOGICA INDOAMERICA,UNIVERSIDAD,PARTICULAR AUTOFINANCIADA,DERECHO,"CIENCIAS SOCIALES, PERIODISMO, INFORMACION Y DERECHO",EDUCACIÓN SUPERIOR DE POSGRADO O CUARTO NIVEL,EN LÍNEA,PICHINCHA,QUITO,VIGENTE
UNIVERSIDAD TECNOLOGICA INDOAMERICA,UNIVERSIDAD,PARTICULAR AUTOFINANCIADA,"MEDIACION, ARBITRAJE Y SOLUCION DE CONFLICTOS","CIENCIAS SOCIALES, PERIODISMO, INFORMACION Y DERECHO",EDUCACIÓN SUPERIOR DE POSGRADO O CUARTO NIVEL,EN LÍNEA,PICHINCHA,QUITO,VIGENTE
UNIVERSIDAD TECNOLOGICA INDOAMERICA,UNIVERSIDAD,PARTICULAR AUTOFINANCIADA,INGENIERIA INDUSTRIAL,"INGENIERIA, INDUSTRIA Y CONSTRUCCION",EDUCACIÓN SUPERIOR DE POSGRADO O CUARTO NIVEL,EN LÍNEA,PICHINCHA,QUITO,VIGENTE
UNIVERSIDAD TECNOLOGICA INDOAMERICA,UNIVERSIDAD,PARTICULAR AUTOFINANCIADA,"SEGURIDAD, SALUD E HIGIENE INDUSTRIAL","INGENIERIA, INDUSTRIA Y CONSTRUCCION",EDUCACIÓN SUPERIOR DE POSGRADO O CUARTO NIVEL,EN LÍNEA,PICHINCHA,QUITO,VIGENTE
UNIVERSIDAD TECNOLOGICA INDOAMERICA,UNIVERSIDAD,PARTICULAR AUTOFINANCIADA,DISEÑO INDUSTRIAL Y DE PROCESOS,"INGENIERIA, INDUSTRIA Y CONSTRUCCION",EDUCACIÓN SUPERIOR DE POSGRADO O CUARTO NIVEL,EN LÍNEA,PICHINCHA,QUITO,VIGENTE
UNIVERSIDAD TECNOLOGICA INDOAMERICA,UNIVERSIDAD,PARTICULAR AUTOFINANCIADA,BIG DATA Y CIENCIA DE DATOS,TECNOLOGIAS DE LA INFORMACION Y LA COMUNICACION (TIC),EDUCACIÓN SUPERIOR DE POSGRADO O CUARTO NIVEL,EN LÍNEA,PICHINCHA,QUITO,VIGENTE
UNIVERSIDAD TECNOLOGICA ISRAEL,UNIVERSIDAD,PARTICULAR AUTOFINANCIADA,EDUCACION,EDUCACION,EDUCACIÓN SUPERIOR DE POSGRADO O CUARTO NIVEL,EN LÍNEA,PICHINCHA,QUITO,VIGENTE
UNIVERSIDAD TECNOLOGICA ISRAEL,UNIVERSIDAD,PARTICULAR AUTOFINANCIADA,EDUCACION INICIAL,EDUCACION,EDUCACIÓN SUPERIOR DE POSGRADO O CUARTO NIVEL,EN LÍNEA,PICHINCHA,QUITO,VIGENTE
UNIVERSIDAD TECNOLOGICA ISRAEL,UNIVERSIDAD,PARTICULAR AUTOFINANCIADA,PEDAGOGIA,EDUCACION,EDUCACIÓN SUPERIOR DE POSGRADO O CUARTO NIVEL,EN LÍNEA,PICHINCHA,QUITO,VIGENTE
UNIVERSIDAD TECNOLOGICA ISRAEL,UNIVERSIDAD,PARTICULAR AUTOFINANCIADA,GESTION DEL DISEÑO,ARTES Y HUMANIDADES,EDUCACIÓN SUPERIOR DE POSGRADO O CUARTO NIVEL,EN LÍNEA,PICHINCHA,QUITO,VIGENTE
UNIVERSIDAD TECNOLOGICA ISRAEL,UNIVERSIDAD,PARTICULAR AUTOFINANCIADA,PSICOLOGIA,"CIENCIAS SOCIALES, PERIODISMO, INFORMACION Y DERECHO",EDUCACIÓN SUPERIOR DE POSGRADO O CUARTO NIVEL,EN LÍNEA,PICHINCHA,QUITO,VIGENTE
UNIVERSIDAD TECNOLOGICA ISRAEL,UNIVERSIDAD,PARTICULAR AUTOFINANCIADA,SEGUROS Y RIESGOS FINANCIEROS,ADMINISTRACION,EDUCACIÓN SUPERIOR DE POSGRADO O CUARTO NIVEL,EN LÍNEA,PICHINCHA,QUITO,VIGENTE
UNIVERSIDAD TECNOLOGICA ISRAEL,UNIVERSIDAD,PARTICULAR AUTOFINANCIADA,ADMINISTRACION PUBLICA,ADMINISTRACION,EDUCACIÓN SUPERIOR DE POSGRADO O CUARTO NIVEL,EN LÍNEA,PICHINCHA,QUITO,VIGENTE
UNIVERSIDAD TECNOLOGICA ISRAEL,UNIVERSIDAD,PARTICULAR AUTOFINANCIADA,ADMINISTRACION DE EMPRESAS,ADMINISTRACION,EDUCACIÓN SUPERIOR DE POSGRADO O CUARTO NIVEL,EN LÍNEA,PICHINCHA,QUITO,VIGENTE
UNIVERSIDAD TECNOLOGICA ISRAEL,UNIVERSIDAD,PARTICULAR AUTOFINANCIADA,ADMINISTRACION TRIBUTARIA,ADMINISTRACION,EDUCACIÓN SUPERIOR DE POSGRADO O CUARTO NIVEL,EN LÍNEA,PICHINCHA,QUITO,VIGENTE
UNIVERSIDAD TECNOLOGICA ISRAEL,UNIVERSIDAD,PARTICULAR AUTOFINANCIADA,MARKETING,ADMINISTRACION,EDUCACIÓN SUPERIOR DE POSGRADO O CUARTO NIVEL,EN LÍNEA,PICHINCHA,QUITO,VIGENTE
UNIVERSIDAD TECNOLOGICA ISRAEL,UNIVERSIDAD,PARTICULAR AUTOFINANCIADA,GESTION DEL TALENTO HUMANO,ADMINISTRACION,EDUCACIÓN SUPERIOR DE POSGRADO O CUARTO NIVEL,EN LÍNEA,PICHINCHA,QUITO,VIGENTE
UNIVERSIDAD TECNOLOGICA ISRAEL,UNIVERSIDAD,PARTICULAR AUTOFINANCIADA,SEGURIDAD INFORMÁTICA,TECNOLOGIAS DE LA INFORMACION Y LA COMUNICACION (TIC),EDUCACIÓN SUPERIOR DE POSGRADO O CUARTO NIVEL,EN LÍNEA,PICHINCHA,QUITO,VIGENTE
UNIVERSIDAD TECNOLOGICA ISRAEL,UNIVERSIDAD,PARTICULAR AUTOFINANCIADA,ELECTRONICA Y AUTOMATIZACION,"INGENIERIA, INDUSTRIA Y CONSTRUCCION",EDUCACIÓN SUPERIOR DE POSGRADO O CUARTO NIVEL,EN LÍNEA,PICHINCHA,QUITO,VIGENTE
UNIVERSIDAD TECNOLOGICA ISRAEL,UNIVERSIDAD,PARTICULAR AUTOFINANCIADA,SEGURIDAD Y SALUD OCUPACIONAL,SERVICIOS,EDUCACIÓN SUPERIOR DE POSGRADO O CUARTO NIVEL,EN LÍNEA,PICHINCHA,QUITO,VIGENTE
UNIVERSIDAD TECNOLOGICA ISRAEL,UNIVERSIDAD,PARTICULAR AUTOFINANCIADA,INTELIGENCIA DE NEGOCIOS,ADMINISTRACION,EDUCACIÓN SUPERIOR DE POSGRADO O CUARTO NIVEL,EN LÍNEA,PICHINCHA,QUITO,VIGENTE
UNIVERSIDAD TECNOLOGICA ISRAEL,UNIVERSIDAD,PARTICULAR AUTOFINANCIADA,BIG DATA Y CIENCIA DE DATOS,TECNOLOGIAS DE LA INFORMACION Y LA COMUNICACION (TIC),EDUCACIÓN SUPERIOR DE POSGRADO O CUARTO NIVEL,EN LÍNEA,PICHINCHA,QUITO,VIGENTE
UNIVERSIDAD METROPOLITANA,UNIVERSIDAD,PARTICULAR AUTOFINANCIADA,CUMPLIMIENTO Y ANTICORRUPCION,ADMINISTRACIÓN DE EMPRESAS Y DERECHO,EDUCACIÓN SUPERIOR DE POSGRADO O CUARTO NIVEL,EN LÍNEA,PICHINCHA,QUITO,VIGENTE
UNIVERSIDAD METROPOLITANA,UNIVERSIDAD,PARTICULAR AUTOFINANCIADA,EDUCACION,EDUCACION,EDUCACIÓN SUPERIOR DE POSGRADO O CUARTO NIVEL,EN LÍNEA,PICHINCHA,QUITO,VIGENTE
UNIVERSIDAD METROPOLITANA,UNIVERSIDAD,PARTICULAR AUTOFINANCIADA,EDUCACION INICIAL,EDUCACION,EDUCACIÓN SUPERIOR DE POSGRADO O CUARTO NIVEL,EN LÍNEA,PICHINCHA,QUITO,VIGENTE
UNIVERSIDAD METROPOLITANA,UNIVERSIDAD,PARTICULAR AUTOFINANCIADA,PERFILACION CRIMINAL Y DETECCION DE LA MENTIRA,"CIENCIAS SOCIALES, PERIODISMO, INFORMACION Y DERECHO",EDUCACIÓN SUPERIOR DE POSGRADO O CUARTO NIVEL,EN LÍNEA,PICHINCHA,QUITO,VIGENTE
UNIVERSIDAD METROPOLITANA,UNIVERSIDAD,PARTICULAR AUTOFINANCIADA,CONTABILIDAD Y AUDITORIA,ADMINISTRACION,EDUCACIÓN SUPERIOR DE POSGRADO O CUARTO NIVEL,EN LÍNEA,PICHINCHA,QUITO,VIGENTE
UNIVERSIDAD METROPOLITANA,UNIVERSIDAD,PARTICULAR AUTOFINANCIADA,CONTABILIDAD Y FINANZAS,ADMINISTRACION,EDUCACIÓN SUPERIOR DE POSGRADO O CUARTO NIVEL,EN LÍNEA,PICHINCHA,QUITO,VIGENTE
UNIVERSIDAD METROPOLITANA,UNIVERSIDAD,PARTICULAR AUTOFINANCIADA,ADMINISTRACION DE EMPRESAS,ADMINISTRACION,EDUCACIÓN SUPERIOR DE POSGRADO O CUARTO NIVEL,EN LÍNEA,PICHINCHA,QUITO,VIGENTE
UNIVERSIDAD METROPOLITANA,UNIVERSIDAD,PARTICULAR AUTOFINANCIADA,ADMINISTRACION Y DIRECCION DE EMPRESAS,ADMINISTRACION,EDUCACIÓN SUPERIOR DE POSGRADO O CUARTO NIVEL,EN LÍNEA,PICHINCHA,QUITO,VIGENTE
UNIVERSIDAD METROPOLITANA,UNIVERSIDAD,PARTICULAR AUTOFINANCIADA,MARKETING,ADMINISTRACION,EDUCACIÓN SUPERIOR DE POSGRADO O CUARTO NIVEL,EN LÍNEA,PICHINCHA,QUITO,VIGENTE
UNIVERSIDAD METROPOLITANA,UNIVERSIDAD,PARTICULAR AUTOFINANCIADA,DERECHO PROCESAL CIVIL,ADMINISTRACIÓN DE EMPRESAS Y DERECHO,EDUCACIÓN SUPERIOR DE POSGRADO O CUARTO NIVEL,EN LÍNEA,PICHINCHA,QUITO,VIGENTE
UNIVERSIDAD METROPOLITANA,UNIVERSIDAD,PARTICULAR AUTOFINANCIADA,DERECHO DE FAMILIA CON ENFOQUE EN DERECHOS HUMANOS Y GENERO,ADMINISTRACIÓN DE EMPRESAS Y DERECHO,EDUCACIÓN SUPERIOR DE POSGRADO O CUARTO NIVEL,EN LÍNEA,PICHINCHA,QUITO,VIGENTE
UNIVERSIDAD METROPOLITANA,UNIVERSIDAD,PARTICULAR AUTOFINANCIADA,DERECHO PROCESAL PENAL Y LITIGACION ORAL,ADMINISTRACIÓN DE EMPRESAS Y DERECHO,EDUCACIÓN SUPERIOR DE POSGRADO O CUARTO NIVEL,EN LÍNEA,PICHINCHA,QUITO,VIGENTE
UNIVERSIDAD METROPOLITANA,UNIVERSIDAD,PARTICULAR AUTOFINANCIADA,"MEDIACION, ARBITRAJE Y SOLUCION DE CONFLICTOS",ADMINISTRACIÓN DE EMPRESAS Y DERECHO,EDUCACIÓN SUPERIOR DE POSGRADO O CUARTO NIVEL,EN LÍNEA,PICHINCHA,QUITO,VIGENTE
UNIVERSIDAD METROPOLITANA,UNIVERSIDAD,PARTICULAR AUTOFINANCIADA,DERECHO PROCESAL CONSTITUCIONAL,ADMINISTRACIÓN DE EMPRESAS Y DERECHO,EDUCACIÓN SUPERIOR DE POSGRADO O CUARTO NIVEL,EN LÍNEA,PICHINCHA,QUITO,VIGENTE
INSTITUTO DE ALTOS ESTUDIOS NACIONALES,UNIVERSIDAD,PÚBLICA,GARANTIAS JURISDICCIONALES Y REPARACION INTEGRAL,"CIENCIAS SOCIALES, PERIODISMO, INFORMACION Y DERECHO",EDUCACIÓN SUPERIOR DE POSGRADO O CUARTO NIVEL,EN LÍNEA,PICHINCHA,QUITO,VIGENTE
INSTITUTO DE ALTOS ESTUDIOS NACIONALES,UNIVERSIDAD,PÚBLICA,GESTION PUBLICA,ADMINISTRACION,EDUCACIÓN SUPERIOR DE POSGRADO O CUARTO NIVEL,EN LÍNEA,PICHINCHA,QUITO,VIGENTE
INSTITUTO DE ALTOS ESTUDIOS NACIONALES,UNIVERSIDAD,PÚBLICA,GESTION Y GOBERNANZA TERRITORIAL,ADMINISTRACION,EDUCACIÓN SUPERIOR DE POSGRADO O CUARTO NIVEL,EN LÍNEA,PICHINCHA,QUITO,VIGENTE
INSTITUTO DE ALTOS ESTUDIOS NACIONALES,UNIVERSIDAD,PÚBLICA,ECONOMIA SOCIAL Y SOLIDARIA,"CIENCIAS SOCIALES, PERIODISMO, INFORMACION Y DERECHO",EDUCACIÓN SUPERIOR DE POSGRADO O CUARTO NIVEL,EN LÍNEA,PICHINCHA,QUITO,VIGENTE
INSTITUTO DE ALTOS ESTUDIOS NACIONALES,UNIVERSIDAD,PÚBLICA,ESTUDIOS ESTRATEGICOS Y SEGURIDAD INTERNACIONAL,"CIENCIAS SOCIALES, PERIODISMO, INFORMACION Y DERECHO",EDUCACIÓN SUPERIOR DE POSGRADO O CUARTO NIVEL,EN LÍNEA,PICHINCHA,QUITO,VIGENTE
INSTITUTO DE ALTOS ESTUDIOS NACIONALES,UNIVERSIDAD,PÚBLICA,EVALUACION DE POLITICAS PUBLICAS,"CIENCIAS SOCIALES, PERIODISMO, INFORMACION Y DERECHO",EDUCACIÓN SUPERIOR DE POSGRADO O CUARTO NIVEL,EN LÍNEA,PICHINCHA,QUITO,VIGENTE
INSTITUTO DE ALTOS ESTUDIOS NACIONALES,UNIVERSIDAD,PÚBLICA,VICTIMOLOGIA Y JUSTICIA RESTAURATIVA,"CIENCIAS SOCIALES, PERIODISMO, INFORMACION Y DERECHO",EDUCACIÓN SUPERIOR DE POSGRADO O CUARTO NIVEL,EN LÍNEA,PICHINCHA,QUITO,VIGENTE
INSTITUTO DE ALTOS ESTUDIOS NACIONALES,UNIVERSIDAD,PÚBLICA,"CONFLICTO, NEGOCIACION Y PAZ","CIENCIAS SOCIALES, PERIODISMO, INFORMACION Y DERECHO",EDUCACIÓN SUPERIOR DE POSGRADO O CUARTO NIVEL,EN LÍNEA,PICHINCHA,QUITO,VIGENTE
INSTITUTO DE ALTOS ESTUDIOS NACIONALES,UNIVERSIDAD,PÚBLICA,DERECHO,"CIENCIAS SOCIALES, PERIODISMO, INFORMACION Y DERECHO",EDUCACIÓN SUPERIOR DE POSGRADO O CUARTO NIVEL,EN LÍNEA,PICHINCHA,QUITO,VIGENTE
INSTITUTO DE ALTOS ESTUDIOS NACIONALES,UNIVERSIDAD,PÚBLICA,DERECHO PROCESAL PENAL Y LITIGACION ORAL,"CIENCIAS SOCIALES, PERIODISMO, INFORMACION Y DERECHO",EDUCACIÓN SUPERIOR DE POSGRADO O CUARTO NIVEL,EN LÍNEA,PICHINCHA,QUITO,VIGENTE
INSTITUTO DE ALTOS ESTUDIOS NACIONALES,UNIVERSIDAD,PÚBLICA,GESTION DE LAS FINANZAS PUBLICAS,ADMINISTRACION,EDUCACIÓN SUPERIOR DE POSGRADO O CUARTO NIVEL,EN LÍNEA,PICHINCHA,QUITO,VIGENTE
INSTITUTO DE ALTOS ESTUDIOS NACIONALES,UNIVERSIDAD,PÚBLICA,GERENCIA DE EMPRESAS PUBLICAS,ADMINISTRACION,EDUCACIÓN SUPERIOR DE POSGRADO O CUARTO NIVEL,EN LÍNEA,PICHINCHA,QUITO,VIGENTE
INSTITUTO DE ALTOS ESTUDIOS NACIONALES,UNIVERSIDAD,PÚBLICA,GESTION LOCAL SOSTENIBLE,ADMINISTRACION,EDUCACIÓN SUPERIOR DE POSGRADO O CUARTO NIVEL,EN LÍNEA,PICHINCHA,QUITO,VIGENTE
INSTITUTO DE ALTOS ESTUDIOS NACIONALES,UNIVERSIDAD,PÚBLICA,AUDITORIA GUBERNAMENTAL Y CONTROL,ADMINISTRACION,EDUCACIÓN SUPERIOR DE POSGRADO O CUARTO NIVEL,EN LÍNEA,PICHINCHA,QUITO,VIGENTE
INSTITUTO DE ALTOS ESTUDIOS NACIONALES,UNIVERSIDAD,PÚBLICA,ADMINISTRACION TRIBUTARIA,ADMINISTRACION,EDUCACIÓN SUPERIOR DE POSGRADO O CUARTO NIVEL,EN LÍNEA,PICHINCHA,QUITO,VIGENTE
INSTITUTO DE ALTOS ESTUDIOS NACIONALES,UNIVERSIDAD,PÚBLICA,PLANIFICACION Y PROSPECTIVA MULTISECTORIAL,ADMINISTRACION,EDUCACIÓN SUPERIOR DE POSGRADO O CUARTO NIVEL,EN LÍNEA,PICHINCHA,QUITO,VIGENTE
INSTITUTO DE ALTOS ESTUDIOS NACIONALES,UNIVERSIDAD,PÚBLICA,PREVENCIÓN Y GESTIÓN DE RIESGOS,SERVICIOS,EDUCACIÓN SUPERIOR DE POSGRADO O CUARTO NIVEL,EN LÍNEA,PICHINCHA,QUITO,VIGENTE
INSTITUTO DE ALTOS ESTUDIOS NACIONALES,UNIVERSIDAD,PÚBLICA,PROSPECTIVA ECONOMICA Y PLANIFICACION TERRITORIAL,"CIENCIAS SOCIALES, PERIODISMO E INFORMACION",EDUCACIÓN SUPERIOR DE POSGRADO O CUARTO NIVEL,EN LÍNEA,PICHINCHA,QUITO,VIGENTE
INSTITUTO DE ALTOS ESTUDIOS NACIONALES,UNIVERSIDAD,PÚBLICA,COOPERACION INTERNACIONAL,"CIENCIAS SOCIALES, PERIODISMO, INFORMACION Y DERECHO",EDUCACIÓN SUPERIOR DE POSGRADO O CUARTO NIVEL,EN LÍNEA,PICHINCHA,QUITO,VIGENTE
INSTITUTO DE ALTOS ESTUDIOS NACIONALES,UNIVERSIDAD,PÚBLICA,CUMPLIMIENTO Y CONTROL GUBERNAMENTAL,ADMINISTRACIÓN DE EMPRESAS Y DERECHO,EDUCACIÓN SUPERIOR DE POSGRADO O CUARTO NIVEL,EN LÍNEA,PICHINCHA,QUITO,VIGENTE
UNIVERSIDAD DE LOS HEMISFERIOS,UNIVERSIDAD,PARTICULAR AUTOFINANCIADA,SALUD Y SEGURIDAD OCUPACIONAL,SERVICIOS,EDUCACIÓN SUPERIOR DE POSGRADO O CUARTO NIVEL,EN LÍNEA,PICHINCHA,QUITO,VIGENTE
UNIVERSIDAD DE LOS HEMISFERIOS,UNIVERSIDAD,PARTICULAR AUTOFINANCIADA,EDUCACION INCLUSIVA,EDUCACION,EDUCACIÓN SUPERIOR DE POSGRADO O CUARTO NIVEL,EN LÍNEA,PICHINCHA,QUITO,VIGENTE
UNIVERSIDAD DE LOS HEMISFERIOS,UNIVERSIDAD,PARTICULAR AUTOFINANCIADA,COMUNICACION POLITICA,"CIENCIAS SOCIALES, PERIODISMO, INFORMACION Y DERECHO",EDUCACIÓN SUPERIOR DE POSGRADO O CUARTO NIVEL,EN LÍNEA,PICHINCHA,QUITO,VIGENTE
UNIVERSIDAD DE LOS HEMISFERIOS,UNIVERSIDAD,PARTICULAR AUTOFINANCIADA,CRIMINALISTICA Y CIENCIAS FORENSES,"CIENCIAS SOCIALES, PERIODISMO, INFORMACION Y DERECHO",EDUCACIÓN SUPERIOR DE POSGRADO O CUARTO NIVEL,EN LÍNEA,PICHINCHA,QUITO,VIGENTE
UNIVERSIDAD DE LOS HEMISFERIOS,UNIVERSIDAD,PARTICULAR AUTOFINANCIADA,FINANZAS,ADMINISTRACION,EDUCACIÓN SUPERIOR DE POSGRADO O CUARTO NIVEL,EN LÍNEA,PICHINCHA,QUITO,VIGENTE
UNIVERSIDAD DE LOS HEMISFERIOS,UNIVERSIDAD,PARTICULAR AUTOFINANCIADA,ADMINISTRACION DE EMPRESAS,ADMINISTRACION,EDUCACIÓN SUPERIOR DE POSGRADO O CUARTO NIVEL,EN LÍNEA,PICHINCHA,QUITO,VIGENTE
UNIVERSIDAD DE LOS HEMISFERIOS,UNIVERSIDAD,PARTICULAR AUTOFINANCIADA,GERENCIA HOSPITALARIA Y ADMINISTRACION DE HOSPITALES,ADMINISTRACION,EDUCACIÓN SUPERIOR DE POSGRADO O CUARTO NIVEL,EN LÍNEA,PICHINCHA,QUITO,VIGENTE
UNIVERSIDAD DE LOS HEMISFERIOS,UNIVERSIDAD,PARTICULAR AUTOFINANCIADA,GESTION DE PROYECTOS,ADMINISTRACION,EDUCACIÓN SUPERIOR DE POSGRADO O CUARTO NIVEL,EN LÍNEA,PICHINCHA,QUITO,VIGENTE
UNIVERSIDAD DE LOS HEMISFERIOS,UNIVERSIDAD,PARTICULAR AUTOFINANCIADA,ADMINISTRACION Y DIRECCION DE EMPRESAS,ADMINISTRACION,EDUCACIÓN SUPERIOR DE POSGRADO O CUARTO NIVEL,EN LÍNEA,PICHINCHA,QUITO,VIGENTE
UNIVERSIDAD DE LOS HEMISFERIOS,UNIVERSIDAD,PARTICULAR AUTOFINANCIADA,SISTEMAS DE GESTION DE CALIDAD,ADMINISTRACION,EDUCACIÓN SUPERIOR DE POSGRADO O CUARTO NIVEL,EN LÍNEA,PICHINCHA,QUITO,VIGENTE
UNIVERSIDAD DE LOS HEMISFERIOS,UNIVERSIDAD,PARTICULAR AUTOFINANCIADA,MERCADOTECNIA,ADMINISTRACION,EDUCACIÓN SUPERIOR DE POSGRADO O CUARTO NIVEL,EN LÍNEA,PICHINCHA,QUITO,VIGENTE
UNIVERSIDAD DE LOS HEMISFERIOS,UNIVERSIDAD,PARTICULAR AUTOFINANCIADA,COMERCIO,ADMINISTRACION,EDUCACIÓN SUPERIOR DE POSGRADO O CUARTO NIVEL,EN LÍNEA,PICHINCHA,QUITO,VIGENTE
UNIVERSIDAD DE LOS HEMISFERIOS,UNIVERSIDAD,PARTICULAR AUTOFINANCIADA,COMERCIO EXTERIOR,ADMINISTRACION,EDUCACIÓN SUPERIOR DE POSGRADO O CUARTO NIVEL,EN LÍNEA,PICHINCHA,QUITO,VIGENTE
UNIVERSIDAD DE LOS HEMISFERIOS,UNIVERSIDAD,PARTICULAR AUTOFINANCIADA,GESTION DEL TALENTO HUMANO,ADMINISTRACION,EDUCACIÓN SUPERIOR DE POSGRADO O CUARTO NIVEL,EN LÍNEA,PICHINCHA,QUITO,VIGENTE
UNIVERSIDAD DE LOS HEMISFERIOS,UNIVERSIDAD,PARTICULAR AUTOFINANCIADA,GESTION AMBIENTAL,"CIENCIAS NATURALES, MATEMATICAS Y ESTADISTICA",EDUCACIÓN SUPERIOR DE POSGRADO O CUARTO NIVEL,EN LÍNEA,PICHINCHA,QUITO,VIGENTE
UNIVERSIDAD DE LOS HEMISFERIOS,UNIVERSIDAD,PARTICULAR AUTOFINANCIADA,TECNOLOGIAS DE LA INFORMACION,TECNOLOGIAS DE LA INFORMACION Y LA COMUNICACION (TIC),EDUCACIÓN SUPERIOR DE POSGRADO O CUARTO NIVEL,EN LÍNEA,PICHINCHA,QUITO,VIGENTE
UNIVERSIDAD DE LOS HEMISFERIOS,UNIVERSIDAD,PARTICULAR AUTOFINANCIADA,SISTEMAS DE INFORMACION,TECNOLOGIAS DE LA INFORMACION Y LA COMUNICACION (TIC),EDUCACIÓN SUPERIOR DE POSGRADO O CUARTO NIVEL,EN LÍNEA,PICHINCHA,QUITO,VIGENTE
UNIVERSIDAD DE LOS HEMISFERIOS,UNIVERSIDAD,PARTICULAR AUTOFINANCIADA,CIBERSEGURIDAD,TECNOLOGIAS DE LA INFORMACION Y LA COMUNICACION (TIC),EDUCACIÓN SUPERIOR DE POSGRADO O CUARTO NIVEL,EN LÍNEA,PICHINCHA,QUITO,VIGENTE
UNIVERSIDAD DE LOS HEMISFERIOS,UNIVERSIDAD,PARTICULAR AUTOFINANCIADA,BIG DATA Y CIENCIA DE DATOS,TECNOLOGIAS DE LA INFORMACION Y LA COMUNICACION (TIC),EDUCACIÓN SUPERIOR DE POSGRADO O CUARTO NIVEL,EN LÍNEA,PICHINCHA,QUITO,VIGENTE
UNIVERSIDAD DE LOS HEMISFERIOS,UNIVERSIDAD,PARTICULAR AUTOFINANCIADA,PLANIFICACION Y DISEÑO URBANO,"INGENIERIA, INDUSTRIA Y CONSTRUCCION",EDUCACIÓN SUPERIOR DE POSGRADO O CUARTO NIVEL,EN LÍNEA,PICHINCHA,QUITO,VIGENTE
UNIVERSIDAD DE LOS HEMISFERIOS,UNIVERSIDAD,PARTICULAR AUTOFINANCIADA,GESTION DEL TRANSPORTE,SERVICIOS,EDUCACIÓN SUPERIOR DE POSGRADO O CUARTO NIVEL,EN LÍNEA,PICHINCHA,QUITO,VIGENTE
UNIVERSIDAD DE LOS HEMISFERIOS,UNIVERSIDAD,PARTICULAR AUTOFINANCIADA,EDUCACION,EDUCACION,EDUCACIÓN SUPERIOR DE POSGRADO O CUARTO NIVEL,EN LÍNEA,PICHINCHA,QUITO,VIGENTE
UNIVERSIDAD DE LOS HEMISFERIOS,UNIVERSIDAD,PARTICULAR AUTOFINANCIADA,GESTION EDUCATIVA,EDUCACION,EDUCACIÓN SUPERIOR DE POSGRADO O CUARTO NIVEL,EN LÍNEA,PICHINCHA,QUITO,VIGENTE
UNIVERSIDAD DE LOS HEMISFERIOS,UNIVERSIDAD,PARTICULAR AUTOFINANCIADA,DOCENCIA UNIVERSITARIA,EDUCACION,EDUCACIÓN SUPERIOR DE POSGRADO O CUARTO NIVEL,EN LÍNEA,PICHINCHA,QUITO,VIGENTE
UNIVERSIDAD DE LOS HEMISFERIOS,UNIVERSIDAD,PARTICULAR AUTOFINANCIADA,PSICOPEDAGOGIA,EDUCACION,EDUCACIÓN SUPERIOR DE POSGRADO O CUARTO NIVEL,EN LÍNEA,PICHINCHA,QUITO,VIGENTE
UNIVERSIDAD DE LOS HEMISFERIOS,UNIVERSIDAD,PARTICULAR AUTOFINANCIADA,"GERENCIA POLITICA, GOBERNANZA Y GOBERNABILIDAD","CIENCIAS SOCIALES, PERIODISMO E INFORMACION",EDUCACIÓN SUPERIOR DE POSGRADO O CUARTO NIVEL,EN LÍNEA,PICHINCHA,QUITO,VIGENTE
UNIVERSIDAD DE LOS HEMISFERIOS,UNIVERSIDAD,PARTICULAR AUTOFINANCIADA,DERECHO DIGITAL,"CIENCIAS SOCIALES, PERIODISMO, INFORMACION Y DERECHO",EDUCACIÓN SUPERIOR DE POSGRADO O CUARTO NIVEL,EN LÍNEA,PICHINCHA,QUITO,VIGENTE
UNIVERSIDAD DE LOS HEMISFERIOS,UNIVERSIDAD,PARTICULAR AUTOFINANCIADA,AUDITORIA INTEGRAL Y CONTROL DE GESTION,ADMINISTRACIÓN DE EMPRESAS Y DERECHO,EDUCACIÓN SUPERIOR DE POSGRADO O CUARTO NIVEL,EN LÍNEA,PICHINCHA,QUITO,VIGENTE
UNIVERSIDAD DE LOS HEMISFERIOS,UNIVERSIDAD,PARTICULAR AUTOFINANCIADA,RESPONSABILIDAD SOCIAL CORPORATIVA,ADMINISTRACION,EDUCACIÓN SUPERIOR DE POSGRADO O CUARTO NIVEL,EN LÍNEA,PICHINCHA,QUITO,VIGENTE
UNIVERSIDAD DE LOS HEMISFERIOS,UNIVERSIDAD,PARTICULAR AUTOFINANCIADA,GESTION ESTRATEGICA DE CADENAS DE SUMINISTRO,ADMINISTRACIÓN DE EMPRESAS Y DERECHO,EDUCACIÓN SUPERIOR DE POSGRADO O CUARTO NIVEL,EN LÍNEA,PICHINCHA,QUITO,VIGENTE
UNIVERSIDAD DE LOS HEMISFERIOS,UNIVERSIDAD,PARTICULAR AUTOFINANCIADA,NEUROMARKETING,ADMINISTRACIÓN DE EMPRESAS Y DERECHO,EDUCACIÓN SUPERIOR DE POSGRADO O CUARTO NIVEL,EN LÍNEA,PICHINCHA,QUITO,VIGENTE
UNIVERSIDAD DE LOS HEMISFERIOS,UNIVERSIDAD,PARTICULAR AUTOFINANCIADA,DESARROLLO ORGANIZACIONAL,ADMINISTRACIÓN DE EMPRESAS Y DERECHO,EDUCACIÓN SUPERIOR DE POSGRADO O CUARTO NIVEL,EN LÍNEA,PICHINCHA,QUITO,VIGENTE
UNIVERSIDAD DE LOS HEMISFERIOS,UNIVERSIDAD,PARTICULAR AUTOFINANCIADA,NEGOCIOS INTERNACIONALES,ADMINISTRACION,EDUCACIÓN SUPERIOR DE POSGRADO O CUARTO NIVEL,EN LÍNEA,PICHINCHA,QUITO,VIGENTE
UNIVERSIDAD DE LOS HEMISFERIOS,UNIVERSIDAD,PARTICULAR AUTOFINANCIADA,NEGOCIACION MEDIACION Y ARBITRAJE,ADMINISTRACIÓN DE EMPRESAS Y DERECHO,EDUCACIÓN SUPERIOR DE POSGRADO O CUARTO NIVEL,EN LÍNEA,PICHINCHA,QUITO,VIGENTE
UNIVERSIDAD DE LOS HEMISFERIOS,UNIVERSIDAD,PARTICULAR AUTOFINANCIADA,DERECHO ADMINISTRATIVO,ADMINISTRACIÓN DE EMPRESAS Y DERECHO,EDUCACIÓN SUPERIOR DE POSGRADO O CUARTO NIVEL,EN LÍNEA,PICHINCHA,QUITO,VIGENTE
UNIVERSIDAD DE LOS HEMISFERIOS,UNIVERSIDAD,PARTICULAR AUTOFINANCIADA,DERECHO PROCESAL PENAL Y LITIGACION ORAL,ADMINISTRACIÓN DE EMPRESAS Y DERECHO,EDUCACIÓN SUPERIOR DE POSGRADO O CUARTO NIVEL,EN LÍNEA,PICHINCHA,QUITO,VIGENTE
UNIVERSIDAD DE LOS HEMISFERIOS,UNIVERSIDAD,PARTICULAR AUTOFINANCIADA,ENERGIAS RENOVABLES,"INGENIERIA, INDUSTRIA Y CONSTRUCCION",EDUCACIÓN SUPERIOR DE POSGRADO O CUARTO NIVEL,EN LÍNEA,PICHINCHA,QUITO,VIGENTE
UNIVERSIDAD IBEROAMERICANA DEL ECUADOR,UNIVERSIDAD,PARTICULAR AUTOFINANCIADA,INNOVACION EN EDUCACION,EDUCACION,EDUCACIÓN SUPERIOR DE POSGRADO O CUARTO NIVEL,EN LÍNEA,PICHINCHA,QUITO,VIGENTE
UNIVERSIDAD IBEROAMERICANA DEL ECUADOR,UNIVERSIDAD,PARTICULAR AUTOFINANCIADA,GESTION EDUCATIVA,EDUCACION,EDUCACIÓN SUPERIOR DE POSGRADO O CUARTO NIVEL,EN LÍNEA,PICHINCHA,QUITO,VIGENTE
UNIVERSIDAD IBEROAMERICANA DEL ECUADOR,UNIVERSIDAD,PARTICULAR AUTOFINANCIADA,DERECHO,"CIENCIAS SOCIALES, PERIODISMO, INFORMACION Y DERECHO",EDUCACIÓN SUPERIOR DE POSGRADO O CUARTO NIVEL,EN LÍNEA,PICHINCHA,QUITO,VIGENTE
UNIVERSIDAD IBEROAMERICANA DEL ECUADOR,UNIVERSIDAD,PARTICULAR AUTOFINANCIADA,BIG DATA Y CIENCIA DE DATOS,TECNOLOGIAS DE LA INFORMACION Y LA COMUNICACION (TIC),EDUCACIÓN SUPERIOR DE POSGRADO O CUARTO NIVEL,EN LÍNEA,PICHINCHA,QUITO,VIGENTE
UNIVERSIDAD IBEROAMERICANA DEL ECUADOR,UNIVERSIDAD,PARTICULAR AUTOFINANCIADA,SALUD Y SEGURIDAD OCUPACIONAL,SERVICIOS,EDUCACIÓN SUPERIOR DE POSGRADO O CUARTO NIVEL,EN LÍNEA,PICHINCHA,QUITO,VIGENTE
UNIVERSIDAD IBEROAMERICANA DEL ECUADOR,UNIVERSIDAD,PARTICULAR AUTOFINANCIADA,GESTION FINANCIERA Y RIESGO,ADMINISTRACIÓN DE EMPRESAS Y DERECHO,EDUCACIÓN SUPERIOR DE POSGRADO O CUARTO NIVEL,EN LÍNEA,PICHINCHA,QUITO,VIGENTE
UNIVERSIDAD IBEROAMERICANA DEL ECUADOR,UNIVERSIDAD,PARTICULAR AUTOFINANCIADA,ADMINISTRACION DE EMPRESAS,ADMINISTRACIÓN DE EMPRESAS Y DERECHO,EDUCACIÓN SUPERIOR DE POSGRADO O CUARTO NIVEL,EN LÍNEA,PICHINCHA,QUITO,VIGENTE
UNIVERSIDAD IBEROAMERICANA DEL ECUADOR,UNIVERSIDAD,PARTICULAR AUTOFINANCIADA,GESTION DE PROYECTOS,ADMINISTRACIÓN DE EMPRESAS Y DERECHO,EDUCACIÓN SUPERIOR DE POSGRADO O CUARTO NIVEL,EN LÍNEA,PICHINCHA,QUITO,VIGENTE
UNIVERSIDAD DE LAS FUERZAS ARMADAS (ESPE),UNIVERSIDAD,PÚBLICA,DEFENSA Y SEGURIDAD,SERVICIOS,EDUCACIÓN SUPERIOR DE POSGRADO O CUARTO NIVEL,EN LÍNEA,PICHINCHA,RUMIÑAHUI,VIGENTE
INSTITUTO SUPERIOR TECNOLÓGICO PICHINCHA,INSTITUTO,PARTICULAR AUTOFINANCIADA,HERRAMIENTAS DIGITALES PARA LA DOCENCIA,EDUCACIÓN,EDUCACIÓN SUPERIOR DE POSGRADO O CUARTO NIVEL,EN LÍNEA,PICHINCHA,QUITO,VIGENTE
INSTITUTO SUPERIOR TECNOLÓGICO PICHINCHA,INSTITUTO,PARTICULAR AUTOFINANCIADA,HERRAMIENTAS DE INNOVACION Y EMPRENDIMIENTO EMPRESARIAL,ADMINISTRACIÓN DE EMPRESAS Y DERECHO,EDUCACIÓN SUPERIOR DE POSGRADO O CUARTO NIVEL,EN LÍNEA,PICHINCHA,QUITO,VIGENTE
INSTITUTO SUPERIOR TECNOLÓGICO PICHINCHA,INSTITUTO,PARTICULAR AUTOFINANCIADA,ENTORNOS VIRTUALES PARA LA GESTION DEL TALENTO HUMANO,ADMINISTRACIÓN DE EMPRESAS Y DERECHO,EDUCACIÓN SUPERIOR DE POSGRADO O CUARTO NIVEL,EN LÍNEA,PICHINCHA,QUITO,VIGENTE
INSTITUTO SUPERIOR TECNOLÓGICO RUMIÑAHUI,INSTITUTO,PARTICULAR AUTOFINANCIADA,ENTORNOS DIGITALES PARA LA EDUCACION,EDUCACION,EDUCACIÓN SUPERIOR DE POSGRADO O CUARTO NIVEL,EN LÍNEA,PICHINCHA,RUMIÑAHUI,VIGENTE
INSTITUTO SUPERIOR TECNOLÓGICO RUMIÑAHUI,INSTITUTO,PARTICULAR AUTOFINANCIADA,ESTUDIOS BIBLICOS E INNOVACION PASTORAL,ARTES Y HUMANIDADES,EDUCACIÓN SUPERIOR DE POSGRADO O CUARTO NIVEL,EN LÍNEA,PICHINCHA,RUMIÑAHUI,VIGENTE
INSTITUTO SUPERIOR TECNOLÓGICO RUMIÑAHUI,INSTITUTO,PARTICULAR AUTOFINANCIADA,CREACION DE CONTENIDOS,"CIENCIAS SOCIALES, PERIODISMO E INFORMACION",EDUCACIÓN SUPERIOR DE POSGRADO O CUARTO NIVEL,EN LÍNEA,PICHINCHA,RUMIÑAHUI,VIGENTE
INSTITUTO SUPERIOR TECNOLÓGICO RUMIÑAHUI,INSTITUTO,PARTICULAR AUTOFINANCIADA,HERRAMIENTAS DIGITALES PARA LA DIRECCION DE MEDIOS,"CIENCIAS SOCIALES, PERIODISMO E INFORMACION",EDUCACIÓN SUPERIOR DE POSGRADO O CUARTO NIVEL,EN LÍNEA,PICHINCHA,RUMIÑAHUI,VIGENTE
INSTITUTO SUPERIOR TECNOLÓGICO RUMIÑAHUI,INSTITUTO,PARTICULAR AUTOFINANCIADA,STARTUPS COMO EMPRENDIMIENTOS,ADMINISTRACION,EDUCACIÓN SUPERIOR DE POSGRADO O CUARTO NIVEL,EN LÍNEA,PICHINCHA,RUMIÑAHUI,VIGENTE
INSTITUTO SUPERIOR TECNOLÓGICO RUMIÑAHUI,INSTITUTO,PARTICULAR AUTOFINANCIADA,ECOSISTEMAS DIGITALES PARA NEGOCIOS,ADMINISTRACION,EDUCACIÓN SUPERIOR DE POSGRADO O CUARTO NIVEL,EN LÍNEA,PICHINCHA,RUMIÑAHUI,VIGENTE
INSTITUTO SUPERIOR TECNOLÓGICO RUMIÑAHUI,INSTITUTO,PARTICULAR AUTOFINANCIADA,HERRAMIENTAS DIGITALES PARA EL ANALISIS DE DATOS E INTELIGENCIA ARTIFICIAL,TECNOLOGIAS DE LA INFORMACION Y LA COMUNICACION (TIC),EDUCACIÓN SUPERIOR DE POSGRADO O CUARTO NIVEL,EN LÍNEA,PICHINCHA,RUMIÑAHUI,VIGENTE
INSTITUTO SUPERIOR TECNOLÓGICO RUMIÑAHUI,INSTITUTO,PARTICULAR AUTOFINANCIADA,DESARROLLO DE VIDEOJUEGOS,TECNOLOGIAS DE LA INFORMACION Y LA COMUNICACION (TIC),EDUCACIÓN SUPERIOR DE POSGRADO O CUARTO NIVEL,EN LÍNEA,PICHINCHA,RUMIÑAHUI,VIGENTE
INSTITUTO SUPERIOR TECNOLÓGICO CORDILLERA,INSTITUTO,PARTICULAR AUTOFINANCIADA,DESARROLLO E INNOVACION DIGITAL EN LOS NEGOCIOS,ADMINISTRACIÓN DE EMPRESAS Y DERECHO,EDUCACIÓN SUPERIOR DE POSGRADO O CUARTO NIVEL,EN LÍNEA,PICHINCHA,QUITO,VIGENTE
INSTITUTO SUPERIOR TECNOLÓGICO DEL TRANSPORTE,INSTITUTO,PARTICULAR AUTOFINANCIADA,EXPERIENCIA DEL CONSUMIDOR Y MARKETING DIGITAL,ADMINISTRACIÓN DE EMPRESAS Y DERECHO,EDUCACIÓN SUPERIOR DE POSGRADO O CUARTO NIVEL,EN LÍNEA,PICHINCHA,QUITO,VIGENTE
INSTITUTO SUPERIOR TECNOLÓGICO DEL TRANSPORTE,INSTITUTO,PARTICULAR AUTOFINANCIADA,ESTRATEGIAS APLICADAS AL TRANSPORTE MULTIMODAL,SERVICIOS,EDUCACIÓN SUPERIOR DE POSGRADO O CUARTO NIVEL,EN LÍNEA,PICHINCHA,QUITO,VIGENTE
